loan_amnt,state,annual_inc,int_rate,disbursal_date,credit_score,delinquent
2500,GA,30000.0,0.1527,2019-12,742.0,1
3000,CA,48000.0,0.1864,2019-12,662.0,0
12000,CA,50000.0,0.1596,2019-12,677.0,1
4500,TX,42000.0,0.1065,2019-12,752.0,0
3500,IL,83000.0,0.0603,2019-12,747.0,0
8000,CA,28000.0,0.1465,2019-12,677.0,0
6000,TX,94800.0,0.1427,2019-12,697.0,0
5500,PA,59000.0,0.079,2019-12,707.0,0
24000,FL,116400.0,0.08900000000000001,2019-12,767.0,1
4125,MI,36000.0,0.1269,2019-12,742.0,0
5400,TX,75000.0,0.1269,2019-12,672.0,0
11200,CA,75000.0,0.1242,2019-12,682.0,1
5000,CA,35000.0,0.1171,2019-12,722.0,0
8000,CA,48000.0,0.1269,2019-12,697.0,0
5600,NY,41100.0,0.0603,2019-12,772.0,0
6000,IL,92000.0,0.1242,2019-12,687.0,0
12000,RI,60000.0,0.1242,2019-12,707.0,1
3050,TX,16800.0,0.0991,2019-12,732.0,0
10000,NY,40000.0,0.1427,2019-12,682.0,0
5000,FL,35000.0,0.1065,2019-12,687.0,0
5000,MD,40000.0,0.1629,2019-12,667.0,0
7000,CA,24000.0,0.0662,2019-12,767.0,0
6350,CA,49200.0,0.1171,2019-12,737.0,0
3000,GA,70000.0,0.1349,2019-12,692.0,0
8400,FL,51008.0,0.1465,2019-12,727.0,0
5000,TX,47000.0,0.1242,2019-12,697.0,0
14000,NC,52000.0,0.1727,2019-12,697.0,1
6000,MD,29000.0,0.1527,2019-12,682.0,0
3800,OH,62352.0,0.0662,2019-12,742.0,0
4200,TX,60000.0,0.0662,2019-12,757.0,0
8000,CA,62400.0,0.1427,2019-12,717.0,0
7875,NV,38400.0,0.1727,2019-12,712.0,1
14400,CA,84000.0,0.1171,2019-12,732.0,0
8000,NJ,86400.0,0.0603,2019-12,787.0,0
6000,PA,139200.0,0.079,2019-12,717.0,0
3000,PA,106800.0,0.1242,2019-12,772.0,0
25000,TX,249999.96,0.0662,2019-12,782.0,0
4800,OH,108000.0,0.1242,2019-12,692.0,0
3000,CA,59100.0,0.1677,2019-12,672.0,1
16675,OR,72000.0,0.1171,2019-12,737.0,0
2500,AZ,33840.0,0.1269,2019-11,697.0,0
32000,NY,100000.0,0.2089,2019-12,682.0,0
4800,CT,24500.0,0.1065,2019-12,732.0,0
8000,PA,42816.0,0.1065,2019-12,717.0,1
3000,FL,45000.0,0.0662,2019-11,752.0,0
5500,CA,54960.0,0.0603,2019-11,772.0,0
4500,FL,26000.0,0.1171,2019-11,722.0,0
11000,UT,108000.0,0.1349,2019-11,672.0,0
10000,CT,60000.0,0.1349,2019-12,752.0,0
14000,OH,100000.0,0.1758,2019-12,687.0,0
10000,CA,150000.0,0.1349,2019-11,687.0,0
6000,NY,54516.0,0.0991,2019-11,707.0,0
3500,NY,47500.0,0.08900000000000001,2019-11,722.0,0
12000,OH,102000.0,0.079,2019-11,797.0,0
19000,VA,115000.0,0.1349,2019-11,707.0,0
5000,MI,53000.0,0.079,2019-12,707.0,0
10000,WI,72000.0,0.079,2019-11,767.0,0
15000,OH,64800.0,0.1065,2019-12,802.0,0
4000,TX,115000.0,0.0603,2019-11,757.0,0
1200,MD,110000.0,0.1349,2019-11,687.0,0
2500,NC,48000.0,0.0603,2019-11,767.0,0
8500,TX,53208.0,0.1527,2019-11,677.0,0
4500,WI,64800.0,0.1065,2019-11,702.0,0
4900,MO,42000.0,0.0603,2019-11,772.0,0
5600,IL,51600.0,0.1527,2019-11,697.0,1
1800,KY,58000.0,0.0751,2019-11,732.0,0
7750,MI,70000.0,0.0662,2019-11,752.0,0
3000,TX,66000.0,0.0603,2019-11,807.0,0
4000,CA,52500.0,0.1065,2019-11,692.0,0
6300,FL,60000.0,0.1465,2019-11,677.0,1
4000,TX,75000.0,0.1427,2019-11,687.0,0
16000,MD,42494.0,0.1171,2019-11,712.0,1
6000,AR,32468.8,0.0751,2019-11,727.0,0
5000,PA,72000.0,0.0603,2019-11,802.0,0
8500,OH,80000.0,0.0603,2019-11,792.0,0
12000,IL,100000.0,0.1727,2019-11,682.0,0
6000,LA,76800.0,0.0662,2019-11,752.0,0
12000,CA,118392.0,0.08900000000000001,2019-11,797.0,0
6800,WA,122400.0,0.1065,2019-11,692.0,0
10600,CA,72800.0,0.1677,2019-11,707.0,1
12000,TX,40000.0,0.0991,2019-11,772.0,0
3500,NM,55200.0,0.08900000000000001,2019-11,747.0,0
3600,NY,45000.0,0.1242,2019-11,692.0,0
3000,MD,28080.0,0.1349,2019-11,712.0,0
4000,CA,19200.0,0.1527,2019-11,712.0,0
8000,NY,75000.0,0.079,2019-11,727.0,0
5000,VA,96000.0,0.1527,2019-11,717.0,0
1000,CA,54000.0,0.1171,2019-11,687.0,0
10200,MD,73171.0,0.079,2019-11,792.0,0
3500,FL,42000.0,0.0991,2019-11,712.0,0
15000,CA,36000.0,0.1242,2019-11,732.0,0
1500,MI,60000.0,0.0603,2019-11,772.0,0
3800,NY,47000.0,0.0751,2019-11,742.0,1
10000,CO,67200.0,0.0603,2019-11,792.0,0
4000,VA,75000.0,0.1065,2019-11,757.0,0
4000,PA,103000.0,0.1349,2019-11,692.0,0
9975,LA,82400.0,0.1758,2019-11,772.0,0
6000,CT,54000.0,0.08900000000000001,2019-11,752.0,0
4200,PA,69000.0,0.0662,2019-11,747.0,0
4800,AR,66000.0,0.1825,2019-11,662.0,1
7200,FL,31700.0,0.1171,2019-11,727.0,1
3000,PA,96000.0,0.079,2019-11,737.0,0
4500,FL,37200.0,0.1349,2019-11,707.0,0
5000,NC,79200.0,0.1065,2019-11,722.0,0
4000,PA,80000.0,0.0751,2019-11,727.0,1
7000,MA,45600.0,0.0662,2019-11,767.0,0
3000,GA,63372.0,0.1065,2019-10,732.0,0
5000,IL,124800.0,0.0662,2019-10,767.0,0
5000,GA,83000.0,0.0991,2019-10,707.0,0
6000,NY,54000.0,0.0603,2019-10,767.0,0
5150,MN,50400.0,0.1065,2019-10,727.0,0
4200,NV,30000.0,0.0991,2019-10,717.0,0
6000,TX,96000.0,0.0603,2019-10,772.0,0
2550,CA,25200.0,0.1427,2019-10,692.0,0
7500,NJ,125000.0,0.1269,2019-10,687.0,0
6000,MI,21600.0,0.0603,2019-10,792.0,0
6000,NJ,32346.0,0.1727,2019-10,672.0,1
8000,CA,20000.0,0.1242,2019-10,702.0,0
4000,CA,42000.0,0.0662,2019-10,767.0,1
12000,FL,84000.0,0.1171,2019-10,687.0,0
9000,PA,112440.0,0.08900000000000001,2019-10,717.0,0
16800,OR,125000.0,0.1242,2019-10,717.0,0
12000,CT,77954.0,0.08900000000000001,2019-10,752.0,1
5000,KY,80796.0,0.0751,2019-10,762.0,0
8400,AL,45600.0,0.1825,2019-10,682.0,1
12000,NM,240000.0,0.0603,2019-10,752.0,0
6000,KY,180000.0,0.0662,2019-10,742.0,0
6000,NC,31776.0,0.08900000000000001,2019-10,737.0,0
7200,MN,114000.0,0.0603,2019-10,792.0,0
5600,TX,100800.0,0.1527,2019-10,687.0,0
6500,AZ,28800.0,0.1269,2019-10,727.0,0
10400,OH,27600.0,0.1903,2019-10,667.0,1
12000,MD,90000.0,0.1727,2019-10,692.0,0
8000,KY,60000.0,0.0751,2019-10,737.0,0
2000,CO,20400.0,0.1349,2019-10,677.0,0
3000,MI,53000.0,0.0751,2019-10,742.0,0
4000,TX,60000.0,0.079,2019-10,722.0,0
15000,PA,54000.0,0.1527,2019-10,687.0,0
3300,FL,44760.0,0.1171,2019-10,702.0,0
10000,NJ,88000.0,0.1427,2019-10,717.0,0
13200,OH,66000.0,0.0991,2019-10,752.0,0
5000,MO,74000.0,0.079,2019-10,767.0,0
2400,SC,132000.0,0.0991,2019-10,777.0,0
8500,IL,58000.0,0.1349,2019-10,687.0,0
7600,MO,100000.0,0.0603,2019-10,747.0,0
2200,VA,75000.0,0.079,2019-10,707.0,0
7000,SC,96000.0,0.0603,2019-10,777.0,0
9500,IL,38880.0,0.0751,2019-10,737.0,0
3600,TX,84554.16,0.0603,2019-10,792.0,0
9000,IL,60000.0,0.0991,2019-10,742.0,0
4000,PA,42000.0,0.1171,2019-10,707.0,0
6500,NY,36000.0,0.1171,2019-10,717.0,0
12000,CA,90000.0,0.0603,2019-10,762.0,0
5500,CA,18000.0,0.1171,2019-10,697.0,1
9600,MO,54000.0,0.0662,2019-10,767.0,0
14000,KS,60000.0,0.079,2019-10,777.0,0
8000,CA,64320.0,0.0603,2019-10,772.0,0
6000,NY,90000.0,0.0603,2019-10,807.0,0
15000,CA,86400.0,0.0603,2019-10,772.0,0
3800,FL,54000.0,0.08900000000000001,2019-10,707.0,0
7000,TX,149400.0,0.0662,2019-10,742.0,0
7200,HI,30000.0,0.08900000000000001,2019-10,707.0,1
5600,NH,60000.0,0.08900000000000001,2019-10,752.0,0
4200,UT,34400.0,0.08900000000000001,2019-10,737.0,0
6000,LA,76000.0,0.08900000000000001,2019-10,712.0,0
4800,PA,49200.0,0.0751,2019-10,747.0,0
8400,NY,240000.0,0.0751,2019-10,742.0,0
3800,NC,45000.0,0.1065,2019-10,702.0,0
5600,GA,48000.0,0.1596,2019-09,672.0,0
2500,CA,95832.0,0.1349,2019-10,687.0,0
4500,AZ,32000.0,0.0662,2019-10,797.0,0
3700,NY,25000.0,0.0991,2019-10,707.0,0
2400,AR,31000.0,0.1065,2019-09,702.0,1
7200,SC,36000.0,0.1242,2019-09,752.0,0
9000,PA,43000.0,0.1427,2019-10,707.0,0
4800,NY,50000.0,0.1596,2019-09,662.0,0
5500,OH,60000.0,0.0751,2019-09,742.0,0
4000,TX,62400.0,0.08900000000000001,2019-09,707.0,0
6000,PA,48000.0,0.08900000000000001,2019-09,752.0,0
4200,NY,36960.0,0.1242,2019-09,702.0,0
12800,CA,40000.0,0.08900000000000001,2019-09,712.0,0
11000,CT,62400.0,0.1942,2019-09,662.0,0
12000,CA,80000.0,0.0662,2019-09,737.0,0
15950,HI,85200.0,0.08900000000000001,2019-09,777.0,0
5000,KS,120000.0,0.1065,2019-09,702.0,0
5100,OK,30000.0,0.079,2019-09,727.0,0
22800,AR,43000.0,0.1269,2019-09,722.0,0
4800,CA,14400.0,0.1465,2019-09,697.0,0
4000,TX,24000.0,0.1427,2019-09,742.0,1
16600,NY,79968.0,0.1758,2019-09,692.0,0
16000,OR,96000.0,0.1242,2019-10,767.0,0
4200,TX,40000.0,0.0751,2019-09,737.0,0
5200,AR,49536.0,0.0662,2019-09,757.0,0
4000,VA,51000.0,0.0603,2019-09,747.0,0
6500,WA,72000.0,0.0603,2019-09,782.0,0
16000,FL,200000.0,0.1269,2019-09,702.0,0
8000,CA,113592.0,0.1171,2019-09,792.0,0
12000,FL,58000.0,0.0991,2019-09,777.0,0
5000,NC,24996.0,0.1269,2019-09,697.0,0
4000,AR,69000.0,0.0991,2019-09,707.0,0
5000,NM,41784.0,0.0603,2019-09,782.0,0
7000,IL,70000.0,0.0603,2019-09,792.0,0
3000,WI,76116.0,0.1242,2019-09,732.0,0
2000,CA,19200.0,0.1349,2019-09,702.0,0
10000,NY,74000.0,0.1171,2019-09,717.0,0
3800,FL,26400.0,0.079,2019-09,727.0,0
7500,NY,51721.0,0.0991,2019-09,747.0,0
16500,TX,110000.0,0.1465,2019-09,752.0,0
1750,CA,78000.0,0.1065,2019-09,742.0,0
2000,CA,30000.0,0.1242,2019-09,702.0,0
11900,VA,199992.0,0.1065,2019-09,742.0,0
4000,PA,47088.0,0.0662,2019-09,747.0,0
9800,NC,72000.0,0.0662,2019-09,742.0,0
2500,TX,22200.0,0.1629,2019-09,677.0,0
4000,CA,51600.0,0.0991,2019-09,702.0,0
13250,CA,60000.0,0.079,2019-09,747.0,0
2800,NY,53000.0,0.0603,2019-09,752.0,0
9000,FL,48000.0,0.1065,2019-09,742.0,0
2500,CA,66000.0,0.1065,2019-09,747.0,0
12000,WI,133000.0,0.1629,2019-09,667.0,1
6000,FL,19200.0,0.0603,2019-09,797.0,0
5500,NC,240000.0,0.0542,2019-09,787.0,0
2900,PA,45600.0,0.1649,2019-09,677.0,0
3000,OK,9240.0,0.1199,2019-09,742.0,0
5000,VA,35550.0,0.1479,2019-09,662.0,0
12000,CA,62000.0,0.0542,2019-09,757.0,0
7000,CA,32000.0,0.1149,2019-09,692.0,0
2300,MD,35000.0,0.1749,2019-09,667.0,1
1500,PA,98400.0,0.0542,2019-09,752.0,0
1300,NY,24000.0,0.0542,2019-09,777.0,0
30000,CT,85000.0,0.2062,2019-09,677.0,0
9000,TX,146760.0,0.0999,2019-09,742.0,0
7500,GA,70800.0,0.0849,2019-09,747.0,0
13200,CA,57600.0,0.1649,2019-09,697.0,0
7000,OK,69600.0,0.0999,2019-09,737.0,0
14400,AZ,70000.0,0.1099,2019-09,727.0,1
2900,NC,63996.0,0.1149,2019-09,707.0,0
5400,KS,33360.0,0.1059,2019-09,732.0,0
6600,NV,24000.0,0.1689,2019-09,697.0,0
5000,NM,72000.0,0.1059,2019-09,717.0,0
6500,NC,26010.0,0.0999,2019-09,757.0,0
2425,TX,36000.0,0.0849,2019-09,717.0,0
6000,NV,97000.0,0.0749,2019-09,727.0,0
4800,NJ,120000.0,0.1099,2019-09,702.0,0
3200,DE,63996.0,0.0542,2019-09,777.0,0
11000,WI,105000.0,0.0542,2019-09,792.0,0
5650,TX,48000.0,0.0542,2019-09,757.0,0
6000,MN,51000.0,0.0599,2019-09,782.0,0
3000,IL,110400.0,0.0749,2019-09,712.0,0
4800,CA,29534.0,0.1199,2019-09,702.0,0
3000,NV,52800.0,0.0849,2019-09,752.0,0
5900,CT,77040.0,0.0599,2019-09,742.0,0
13000,NY,75000.0,0.1349,2019-09,717.0,1
13000,FL,80000.0,0.0849,2019-08,757.0,0
17000,CA,170000.0,0.1299,2019-09,682.0,0
2500,NY,48000.0,0.0542,2019-08,787.0,0
12000,NY,87600.0,0.1299,2019-09,692.0,0
6100,AZ,33276.0,0.1099,2019-08,752.0,0
3000,GA,37440.0,0.0542,2019-08,752.0,0
5100,OH,60000.0,0.1149,2019-08,707.0,0
6000,NV,84000.0,0.0699,2019-08,732.0,0
6500,OR,129996.0,0.0849,2019-08,757.0,0
2200,CA,52416.0,0.1099,2019-08,682.0,0
7500,CA,50400.0,0.0849,2019-08,717.0,1
7500,NC,68000.0,0.1199,2019-09,692.0,0
6000,MO,200000.0,0.0542,2019-08,792.0,0
12000,CA,86400.0,0.1599,2019-08,692.0,1
2000,SD,22800.0,0.0849,2019-08,732.0,0
7000,TX,51000.0,0.0749,2019-08,732.0,0
1200,CO,58000.0,0.1523,2019-08,662.0,0
14500,AR,98000.0,0.0999,2019-08,772.0,0
5000,VA,60000.0,0.1399,2019-08,697.0,0
8000,MO,72252.0,0.0699,2019-08,737.0,0
5000,VT,40000.0,0.0849,2019-08,727.0,0
2500,TX,26400.0,0.0699,2019-08,747.0,0
5500,NC,54000.0,0.1059,2019-08,717.0,0
9000,LA,57600.0,0.1099,2019-08,687.0,0
8700,PA,46000.0,0.1299,2019-08,702.0,0
12000,FL,37080.0,0.1199,2019-08,722.0,0
7000,NY,101040.0,0.1149,2019-08,742.0,0
10000,NC,86748.0,0.0849,2019-08,732.0,0
5000,FL,45000.0,0.1099,2019-08,727.0,1
11200,AZ,105000.0,0.1399,2019-08,682.0,1
15000,CA,87600.0,0.0849,2019-08,742.0,0
6800,FL,67000.0,0.1599,2019-08,662.0,0
7500,KS,30000.0,0.1149,2019-08,707.0,0
4500,WI,72000.0,0.0999,2019-08,772.0,0
5000,MD,46000.0,0.1599,2019-08,682.0,1
4500,OH,39660.0,0.0599,2019-08,757.0,1
4500,TX,45000.0,0.1349,2019-08,662.0,1
3000,MO,55460.0,0.1399,2019-08,697.0,1
8000,IL,22000.0,0.0542,2019-08,787.0,0
3600,NC,60000.0,0.0599,2019-08,797.0,0
5000,VA,42072.0,0.1149,2019-08,737.0,0
6000,NY,225000.0,0.1099,2019-08,727.0,0
7000,NY,36000.0,0.0749,2019-08,727.0,0
2500,CA,60000.0,0.0699,2019-08,737.0,0
5000,KY,72600.0,0.0749,2019-08,772.0,0
9600,MD,96000.0,0.0599,2019-08,787.0,0
2000,CO,60000.0,0.0542,2019-08,777.0,0
1800,KS,36000.0,0.0999,2019-08,777.0,0
4000,MD,57600.0,0.1059,2019-08,742.0,1
3000,WA,50000.0,0.0849,2019-08,707.0,0
7750,NC,93600.0,0.1099,2019-08,747.0,1
5000,CA,24720.0,0.0749,2019-08,757.0,0
12000,MA,96000.0,0.0999,2019-08,762.0,0
6000,TX,100000.0,0.0999,2019-08,722.0,0
4000,NY,70000.0,0.0599,2019-08,782.0,0
7500,DE,50000.0,0.0599,2019-08,792.0,0
8000,MD,87000.0,0.1599,2019-08,697.0,0
3000,VA,31400.0,0.1479,2019-08,667.0,1
2500,CA,26940.0,0.0542,2019-08,772.0,0
3500,GA,49000.0,0.0542,2019-08,747.0,0
9800,NV,48000.0,0.0999,2019-08,757.0,0
5400,SC,35000.0,0.1059,2019-08,707.0,0
4800,VA,105000.0,0.2285,2019-08,702.0,1
5600,CA,24000.0,0.1149,2019-08,762.0,0
6000,KS,18000.0,0.1689,2019-08,687.0,0
1000,KY,60000.0,0.1099,2019-08,712.0,0
2000,OH,60000.0,0.0749,2019-08,732.0,0
6600,MI,26400.0,0.0599,2019-07,782.0,0
8000,GA,37000.0,0.1099,2019-07,727.0,0
13000,AL,36360.0,0.1749,2019-07,682.0,0
7000,PA,45000.0,0.0749,2019-08,787.0,0
3000,GA,55000.0,0.0599,2019-07,797.0,0
3075,NJ,30000.0,0.1059,2019-07,722.0,0
6900,FL,27000.0,0.0999,2019-08,722.0,0
9600,MN,92000.0,0.1099,2019-08,762.0,0
2000,TX,68500.0,0.0542,2019-07,817.0,0
10000,OH,30000.0,0.1689,2019-07,742.0,0
10000,AL,96000.0,0.1649,2019-07,692.0,0
6000,NJ,72500.0,0.1599,2019-07,677.0,0
2100,NY,113400.0,0.1199,2019-07,682.0,0
18000,OR,69900.0,0.1149,2019-07,702.0,0
10000,TX,93000.0,0.1199,2019-08,752.0,0
3300,AL,57600.0,0.0542,2019-07,752.0,0
1800,NC,35000.0,0.1059,2019-07,737.0,0
8000,CT,68000.0,0.0749,2019-07,732.0,0
6500,FL,49200.0,0.1799,2019-07,667.0,0
2500,GA,49200.0,0.0542,2019-07,807.0,0
6275,MA,60000.0,0.1349,2019-07,732.0,0
8000,MI,108000.0,0.1099,2019-07,767.0,0
3500,MT,40000.0,0.1199,2019-07,672.0,0
3000,TX,46000.0,0.0542,2019-07,787.0,0
4000,MO,41664.0,0.0599,2019-07,802.0,0
11000,CA,96000.0,0.0599,2019-07,782.0,0
2875,WA,28000.0,0.1523,2019-07,667.0,0
10000,FL,58000.0,0.0699,2019-07,787.0,0
5400,VA,18000.0,0.1599,2019-07,672.0,0
7400,CA,63000.0,0.1099,2019-07,692.0,0
14000,MD,70000.0,0.0699,2019-07,802.0,0
4000,CA,65000.0,0.0749,2019-07,757.0,0
4000,GA,14400.0,0.1749,2019-07,692.0,1
8000,NY,43200.0,0.0999,2019-07,767.0,0
8000,AZ,141000.0,0.0699,2019-07,757.0,0
4750,WA,60000.0,0.0599,2019-07,747.0,0
6000,NC,53640.0,0.1099,2019-07,722.0,0
10000,MI,96000.0,0.1969,2019-07,667.0,0
15000,NC,40000.0,0.0599,2019-07,817.0,0
8000,FL,65000.0,0.0699,2019-07,752.0,0
3000,FL,72000.0,0.1349,2019-07,692.0,0
5000,PA,28800.0,0.1749,2019-07,672.0,1
10000,NY,19200.0,0.1099,2019-07,737.0,0
5500,FL,39600.0,0.0849,2019-07,792.0,0
5950,NY,42000.0,0.0599,2019-07,767.0,0
5000,NM,24000.0,0.1649,2019-07,662.0,0
5000,GA,60000.0,0.1349,2019-07,712.0,0
9000,LA,93408.0,0.1099,2019-07,792.0,0
5000,LA,80000.0,0.0699,2019-07,752.0,0
3500,UT,47000.0,0.0999,2019-07,702.0,0
11900,KS,38000.0,0.1099,2019-07,742.0,1
5000,IL,60000.0,0.0542,2019-07,797.0,0
9600,PA,60000.0,0.1099,2019-07,747.0,0
10625,MD,62467.0,0.0849,2019-07,737.0,0
14000,MA,53280.0,0.1059,2019-07,777.0,0
7500,TX,78000.0,0.1649,2019-07,687.0,0
7000,VA,42000.0,0.0849,2019-07,807.0,0
5600,NY,64800.0,0.1099,2019-07,702.0,0
4800,CT,35000.0,0.0542,2019-07,762.0,0
3000,CA,64800.0,0.1199,2019-07,767.0,0
10000,LA,86000.0,0.1149,2019-07,712.0,0
1275,VA,65964.0,0.1099,2019-07,697.0,1
6000,CA,165996.0,0.0542,2019-07,777.0,0
7000,OH,25200.0,0.1479,2019-07,702.0,0
7800,OR,40560.0,0.1199,2019-07,737.0,1
6000,WA,42000.0,0.0542,2019-07,777.0,0
3000,MA,66000.0,0.0599,2019-07,752.0,0
3000,NY,48000.0,0.0699,2019-07,727.0,0
3200,CO,31200.0,0.1199,2019-07,687.0,0
2500,NY,33600.0,0.1099,2019-07,722.0,0
6000,FL,65000.0,0.0699,2019-07,762.0,0
8000,VA,55200.0,0.0999,2019-07,747.0,0
12000,GA,172000.0,0.0542,2019-07,807.0,0
4200,GA,36000.0,0.1059,2019-07,697.0,0
4000,KY,53288.59,0.1059,2019-06,807.0,0
2500,FL,36000.0,0.1099,2019-06,697.0,0
7200,MI,41496.0,0.1799,2019-06,662.0,0
5500,FL,24000.0,0.1749,2019-06,687.0,0
8800,TX,55600.0,0.0999,2019-06,737.0,0
5000,RI,79200.0,0.0542,2019-06,802.0,0
1450,TX,45600.0,0.0849,2019-06,727.0,0
6000,CA,54902.52,0.1523,2019-06,672.0,1
2200,CA,22000.0,0.0749,2019-06,782.0,0
3000,IL,65500.0,0.0599,2019-06,772.0,0
6000,MA,46151.04,0.1059,2019-06,697.0,0
3500,CA,38400.0,0.1399,2019-06,697.0,0
5000,MN,28800.0,0.1059,2019-06,712.0,0
3600,GA,126000.0,0.1599,2019-06,697.0,0
4200,KS,96000.0,0.0599,2019-06,757.0,0
2200,CA,39000.0,0.1099,2019-06,687.0,0
5125,CA,72000.0,0.1149,2019-06,712.0,0
5600,MA,81600.0,0.0599,2019-06,777.0,0
3350,PA,91992.0,0.0542,2019-06,807.0,0
3375,MN,33000.0,0.1349,2019-06,682.0,0
12000,WY,64500.0,0.1929,2019-06,672.0,0
1500,MI,15120.0,0.1059,2019-06,702.0,0
3000,MO,33600.0,0.0542,2019-06,787.0,0
5900,MT,78644.0,0.0749,2019-06,747.0,1
6500,MA,160000.0,0.1649,2019-06,682.0,1
3250,OH,39000.0,0.1099,2019-06,687.0,0
3250,CT,48000.0,0.1199,2019-06,702.0,1
12000,PA,129600.0,0.1299,2019-06,742.0,0
4000,OK,75000.0,0.1149,2019-07,732.0,0
3900,NJ,55000.0,0.1199,2019-06,722.0,0
1000,MO,84000.0,0.1149,2019-06,702.0,0
4000,OK,86095.0,0.1399,2019-06,672.0,0
3050,NC,56160.0,0.1059,2019-06,692.0,0
10000,CO,20000.0,0.0749,2019-06,762.0,0
14750,AR,42000.0,0.1299,2019-06,702.0,0
2100,MN,21600.0,0.0849,2019-06,742.0,0
5000,NY,43800.0,0.1149,2019-06,712.0,1
2000,NY,42000.0,0.1523,2019-06,687.0,0
4500,NM,42000.0,0.1059,2019-06,707.0,1
5000,AZ,144000.0,0.0749,2019-06,727.0,0
10000,OR,33000.0,0.0599,2019-06,797.0,0
6000,LA,28800.0,0.0749,2019-06,727.0,0
6000,MI,105000.0,0.0999,2019-06,717.0,0
7500,VA,60000.0,0.0599,2019-06,772.0,0
4500,SC,48000.0,0.0542,2019-06,802.0,0
3600,CA,44000.0,0.0699,2019-06,732.0,0
5200,MO,30000.0,0.1399,2019-06,702.0,0
7200,MO,36000.0,0.0999,2019-06,752.0,0
6000,CA,48000.0,0.0749,2019-06,727.0,1
6500,IL,30000.0,0.0849,2019-06,742.0,0
4800,NV,160800.0,0.1099,2019-06,677.0,0
4800,UT,24600.0,0.08900000000000001,2019-06,722.0,1
21000,IL,92000.0,0.1163,2019-06,752.0,0
5975,CA,36000.0,0.0742,2019-06,772.0,0
5600,NV,48000.0,0.1114,2019-06,692.0,0
5000,MN,15000.0,0.1719,2019-06,677.0,0
6500,FL,36000.0,0.0542,2019-06,797.0,0
3200,OH,55530.0,0.0662,2019-06,732.0,0
4500,FL,82560.0,0.0742,2019-06,717.0,0
8500,TX,70000.0,0.1114,2019-06,742.0,0
2650,PA,66000.0,0.0849,2019-06,762.0,0
5000,IL,36000.0,0.1479,2019-06,672.0,0
2000,WI,54000.0,0.0599,2019-06,747.0,0
7500,NY,38400.0,0.1349,2019-06,702.0,0
4800,MO,60000.0,0.0749,2019-06,787.0,0
1000,KY,41000.0,0.0699,2019-06,737.0,0
2000,CA,35000.0,0.1299,2019-06,682.0,0
5000,KY,76800.0,0.1149,2019-06,687.0,0
8000,LA,55000.0,0.1299,2019-06,732.0,0
1200,MO,69600.0,0.0699,2019-06,737.0,0
7000,CO,91500.0,0.0999,2019-06,762.0,0
4600,MD,40000.0,0.2025,2019-06,717.0,0
3000,CO,50000.0,0.1099,2019-06,737.0,0
4000,CT,119153.0,0.1799,2019-06,667.0,0
2000,GA,65000.0,0.0749,2019-06,732.0,0
3000,GA,68000.0,0.0542,2019-06,797.0,0
4000,FL,36000.0,0.1349,2019-06,677.0,0
4200,VA,30000.0,0.1523,2019-06,687.0,0
2400,VA,107000.0,0.0849,2019-06,757.0,0
2400,WA,22800.0,0.0849,2019-06,777.0,1
14400,NY,38400.0,0.1349,2019-06,732.0,0
1700,VA,27000.0,0.0699,2019-06,752.0,0
4800,OH,28000.0,0.0749,2019-06,722.0,0
3500,NH,39336.0,0.0542,2019-06,757.0,0
3000,NY,57600.0,0.1523,2019-06,687.0,0
10000,NY,72000.0,0.1149,2019-06,692.0,0
8000,VA,24000.0,0.1839,2019-06,692.0,0
6000,LA,39600.0,0.0599,2019-06,762.0,0
7000,GA,30000.0,0.0749,2019-06,732.0,0
6000,SC,60000.0,0.0749,2019-06,712.0,0
4800,OH,72000.0,0.1199,2019-05,707.0,0
4000,NY,42500.0,0.1299,2019-05,682.0,0
4500,WV,65000.0,0.1199,2019-05,692.0,0
5000,CA,73000.0,0.0749,2019-05,742.0,0
5500,PA,38000.0,0.1299,2019-05,712.0,0
3000,WI,24720.0,0.1099,2019-05,767.0,0
8000,FL,55000.0,0.0849,2019-06,747.0,0
4200,MO,40000.0,0.0599,2019-06,757.0,0
3000,NY,87600.0,0.0599,2019-05,802.0,0
12000,NJ,45000.0,0.1099,2019-05,717.0,0
3600,NY,31243.0,0.1649,2019-05,697.0,1
4000,OH,70800.0,0.1099,2019-05,722.0,0
7200,OH,113676.0,0.0699,2019-05,767.0,0
5000,GA,68400.0,0.1099,2019-05,732.0,0
3200,GA,35000.0,0.0749,2019-05,722.0,0
3500,AK,108000.0,0.0542,2019-05,812.0,0
4000,MA,50220.0,0.1799,2019-06,682.0,0
3200,NY,110000.0,0.0749,2019-05,722.0,0
6000,OH,85000.0,0.0542,2019-05,787.0,0
9600,NY,46800.0,0.0999,2019-05,767.0,0
5500,CO,36780.0,0.0849,2019-05,732.0,1
6000,NJ,25200.0,0.1199,2019-05,732.0,0
6900,NY,60000.0,0.1599,2019-05,687.0,0
8000,GA,112992.0,0.0749,2019-05,737.0,0
1200,CO,25200.0,0.0749,2019-05,732.0,0
6000,OH,62400.0,0.1523,2019-05,692.0,1
2000,FL,45600.0,0.0749,2019-05,722.0,0
3000,VA,88992.0,0.1199,2019-05,732.0,0
6000,TX,40800.0,0.1749,2019-05,702.0,0
4000,MO,65000.0,0.0542,2019-05,767.0,0
5600,TX,87600.0,0.1349,2019-05,687.0,0
10000,MN,42000.0,0.0749,2019-05,812.0,0
6000,MD,119238.0,0.1149,2019-05,707.0,0
4000,KY,39600.0,0.1059,2019-05,792.0,1
6000,CA,67200.0,0.1099,2019-05,732.0,0
3000,NV,130000.0,0.0542,2019-05,807.0,0
6000,MN,32400.0,0.1523,2019-05,692.0,0
3500,SC,90000.0,0.1099,2019-05,737.0,0
12800,GA,204000.0,0.1749,2019-05,692.0,0
7600,CA,144000.0,0.1523,2019-05,697.0,0
5000,IL,14400.0,0.1749,2019-05,717.0,0
8000,KY,44400.0,0.1199,2019-05,757.0,0
1300,NC,66000.0,0.1059,2019-05,727.0,0
5750,NY,147750.0,0.0999,2019-05,707.0,0
6400,IL,24600.0,0.1479,2019-05,747.0,0
2825,OK,84000.0,0.0599,2019-05,757.0,0
4000,FL,41520.0,0.0849,2019-05,777.0,0
7100,OR,15000.0,0.0999,2019-05,732.0,0
5575,CA,36000.0,0.1349,2019-05,727.0,0
5500,NM,34200.0,0.1099,2019-05,762.0,0
7750,NY,50400.0,0.1099,2019-05,732.0,1
15000,GA,45000.0,0.0749,2019-05,807.0,0
5000,AL,51600.0,0.1099,2019-05,727.0,0
3000,NJ,43000.0,0.0849,2019-05,732.0,0
4500,FL,70000.0,0.0542,2019-05,762.0,0
5275,TX,57600.0,0.1349,2019-05,682.0,0
2950,CA,9600.0,0.1749,2019-05,667.0,1
9800,NJ,130000.0,0.0849,2019-05,737.0,0
6250,CO,60000.0,0.1599,2019-05,687.0,0
6000,MA,24000.0,0.1149,2019-05,697.0,0
2000,TX,43200.0,0.1099,2019-05,687.0,0
7100,CA,95000.0,0.0699,2019-05,807.0,0
2225,WI,25000.0,0.1299,2019-05,732.0,0
3600,CA,60000.0,0.0542,2019-05,777.0,0
6000,WA,48000.0,0.1149,2019-05,692.0,1
7000,TX,73440.0,0.0699,2019-05,767.0,0
13100,CA,71040.0,0.0749,2019-05,777.0,0
3000,KY,45314.0,0.1523,2019-05,662.0,1
5000,NY,40000.0,0.1149,2019-05,697.0,0
13500,MO,60000.0,0.0999,2019-05,787.0,0
3500,TX,14000.0,0.1689,2019-05,697.0,0
7000,CA,36000.0,0.1299,2019-05,702.0,0
4125,CA,60000.0,0.0599,2019-05,762.0,0
2400,MD,14400.0,0.1649,2019-05,752.0,0
2000,NC,28800.0,0.0849,2019-05,752.0,0
8250,IL,53329.0,0.0599,2019-05,792.0,0
8000,MD,61056.0,0.1689,2019-05,692.0,0
6400,MN,62000.0,0.1799,2019-05,677.0,0
2400,OH,38400.0,0.0699,2019-05,742.0,0
9000,DE,46200.0,0.0999,2019-05,727.0,0
2400,NJ,150600.0,0.0749,2019-05,712.0,0
6000,PA,42000.0,0.0542,2019-05,772.0,0
8975,FL,52800.0,0.1099,2019-05,697.0,0
6000,AL,72000.0,0.1149,2019-05,767.0,0
7200,FL,34200.0,0.0699,2019-05,782.0,0
6500,CO,42000.0,0.0599,2019-05,747.0,0
3000,SD,30000.0,0.0999,2019-05,737.0,0
5400,CA,33600.0,0.0542,2019-05,787.0,0
10000,OK,45000.0,0.1199,2019-05,682.0,1
8000,OK,46800.0,0.1299,2019-05,702.0,0
4000,MA,45000.0,0.1349,2019-05,722.0,0
5000,IL,48000.0,0.1299,2019-05,782.0,0
8000,NV,41600.0,0.1059,2019-05,752.0,0
6000,NY,13800.0,0.1399,2019-05,732.0,1
5200,TX,72000.0,0.1523,2019-05,692.0,1
10000,CA,51600.0,0.1799,2019-05,687.0,0
7000,PA,120000.0,0.0849,2019-05,742.0,0
5000,SC,48000.0,0.0699,2019-05,782.0,0
1200,AZ,42000.0,0.1149,2019-04,742.0,0
9100,CA,93330.0,0.1649,2019-05,682.0,0
1400,CO,25200.0,0.0699,2019-04,742.0,0
11200,GA,36000.0,0.0542,2019-05,787.0,0
5000,KY,32400.0,0.0749,2019-05,777.0,0
10500,NJ,45000.0,0.0699,2019-05,762.0,0
5200,WA,81120.0,0.1149,2019-04,697.0,0
10750,CA,36960.0,0.1523,2019-05,702.0,0
28000,CA,102000.0,0.1099,2019-04,772.0,0
5000,CO,19200.0,0.0999,2019-04,717.0,0
3500,CA,74400.0,0.0729,2019-04,732.0,0
16800,MA,75000.0,0.1111,2019-05,732.0,0
3000,PA,71040.0,0.0579,2019-04,777.0,0
3000,NC,22800.0,0.1825,2019-04,672.0,0
9600,NJ,52008.0,0.1074,2019-05,732.0,0
3800,LA,25200.0,0.0766,2019-04,812.0,0
6000,NY,24000.0,0.1037,2019-04,757.0,0
4000,AZ,35000.0,0.1454,2019-05,677.0,0
11000,OH,48000.0,0.1037,2019-05,732.0,0
1000,NJ,28800.0,0.0542,2019-04,787.0,0
9000,PA,43000.0,0.1,2019-04,752.0,0
2475,AL,63600.0,0.0579,2019-04,752.0,0
5750,WV,23328.0,0.0766,2019-05,797.0,0
5000,NC,19200.0,0.1417,2019-04,667.0,0
9000,KS,194808.0,0.1037,2019-04,732.0,0
6000,TX,99400.0,0.0692,2019-04,767.0,0
12000,AL,72000.0,0.1,2019-04,757.0,0
4200,SC,96000.0,0.1074,2019-04,687.0,0
10000,CA,104000.0,0.0692,2019-04,772.0,0
7500,CA,67800.0,0.1268,2019-04,702.0,0
3000,CA,53196.0,0.0766,2019-04,722.0,0
6000,NY,126000.0,0.1,2019-04,707.0,1
10000,CA,50000.0,0.1306,2019-04,677.0,0
2500,PA,44400.0,0.1268,2019-04,702.0,0
6000,CT,21600.0,0.1268,2019-04,697.0,0
7500,NY,84000.0,0.1037,2019-04,732.0,0
6000,OH,40800.0,0.1,2019-04,787.0,0
7000,TX,66000.0,0.0766,2019-04,752.0,0
2000,OH,32000.0,0.1677,2019-04,672.0,0
5600,CO,85000.0,0.0542,2019-04,772.0,0
4000,MA,53040.0,0.1268,2019-04,697.0,0
6000,NJ,48000.0,0.0963,2019-04,747.0,0
4250,MI,38400.0,0.0766,2019-04,772.0,0
3500,NY,8400.0,0.0729,2019-04,772.0,0
6000,MD,30000.0,0.0766,2019-04,712.0,0
5000,FL,48000.0,0.1,2019-04,737.0,0
7000,CA,56000.0,0.1268,2019-04,722.0,0
6000,NY,100000.0,0.0766,2019-04,727.0,0
10000,PA,49992.0,0.1417,2019-04,717.0,0
3800,MO,30000.0,0.0579,2019-04,782.0,0
3100,CA,33600.0,0.1037,2019-04,727.0,0
5600,MO,37680.0,0.1491,2019-04,682.0,0
6500,MD,52000.0,0.1,2019-04,722.0,0
4000,TX,50000.0,0.0692,2019-04,772.0,0
5000,CT,90000.0,0.0729,2019-04,782.0,0
9350,NY,66000.0,0.1,2019-04,772.0,0
7500,FL,43000.0,0.0766,2019-04,772.0,0
2200,GA,103200.0,0.1037,2019-04,757.0,0
4000,WI,45600.0,0.1268,2019-04,717.0,0
6500,IL,40000.0,0.1074,2019-04,702.0,0
9600,MN,103000.0,0.1306,2019-04,717.0,0
3000,VA,40560.0,0.0729,2019-04,722.0,0
3000,CO,50400.0,0.0729,2019-04,807.0,0
1000,NY,16800.0,0.1111,2019-04,687.0,0
8000,MI,57600.0,0.0766,2019-04,762.0,0
3000,MO,113316.0,0.1037,2019-04,692.0,0
10000,FL,27600.0,0.1037,2019-04,737.0,1
3000,OH,54000.0,0.0542,2019-04,752.0,0
1850,TX,48000.0,0.1074,2019-04,672.0,1
5000,VA,60000.0,0.0542,2019-04,772.0,0
5900,DE,84000.0,0.0766,2019-04,712.0,0
9000,CO,60000.0,0.1037,2019-04,742.0,1
4400,FL,94128.0,0.0729,2019-04,742.0,0
2650,GA,41280.0,0.1528,2019-04,677.0,0
4000,SC,62000.0,0.1074,2019-04,732.0,0
3900,MO,42000.0,0.138,2019-04,697.0,0
5000,IL,100000.0,0.1602,2019-04,697.0,0
4375,CA,14400.0,0.1,2019-04,737.0,1
5500,TX,114600.0,0.1,2019-04,742.0,1
7500,WI,38000.0,0.1306,2019-04,732.0,0
10000,NC,50000.0,0.0692,2019-04,752.0,0
2400,CA,25000.0,0.1528,2019-04,687.0,0
5600,NV,37459.0,0.0692,2019-04,792.0,0
4500,FL,48000.0,0.1306,2019-04,707.0,0
4500,WI,78000.0,0.1268,2019-04,722.0,0
3500,NM,33600.0,0.0729,2019-04,802.0,0
8800,TX,105000.0,0.1111,2019-04,712.0,0
4800,MO,68800.0,0.0579,2019-04,762.0,0
8500,CA,68000.0,0.1037,2019-04,732.0,0
2800,CT,62500.0,0.1037,2019-04,717.0,0
8500,CA,58000.0,0.1306,2019-04,692.0,0
5300,FL,47000.0,0.0766,2019-04,712.0,0
6000,AZ,87492.0,0.1306,2019-04,692.0,0
5000,AZ,60000.0,0.0729,2019-04,777.0,1
3500,CA,24000.0,0.1677,2019-04,677.0,0
12000,VA,62500.0,0.1111,2019-04,737.0,0
6000,FL,78000.0,0.1306,2019-04,707.0,0
9000,CA,45149.0,0.0579,2019-04,792.0,0
6800,KS,103000.0,0.1037,2019-04,752.0,0
2800,NC,61200.0,0.1074,2019-04,702.0,0
5000,IL,104606.0,0.1528,2019-04,672.0,0
4800,KY,24100.0,0.1037,2019-04,762.0,0
6800,NJ,112200.0,0.0579,2019-04,817.0,0
7000,FL,60000.0,0.1111,2019-03,677.0,0
5600,MO,54000.0,0.0729,2019-03,797.0,0
2000,AZ,69600.0,0.1306,2019-04,682.0,0
15000,GA,124800.0,0.1714,2019-03,677.0,0
4400,IL,45168.0,0.1037,2019-03,747.0,0
2100,VA,72000.0,0.0766,2019-04,722.0,0
14000,AZ,50000.0,0.1,2019-03,757.0,0
18000,AR,140000.0,0.1788,2019-04,677.0,0
5000,FL,58800.0,0.1565,2019-04,702.0,0
4000,FL,49200.0,0.1306,2019-03,677.0,0
15000,SC,60000.0,0.1602,2019-03,682.0,0
5400,VA,63533.0,0.0766,2019-03,727.0,0
4500,CA,40000.0,0.0766,2019-03,722.0,0
6500,PA,30000.0,0.1074,2019-03,737.0,0
9600,TX,42000.0,0.1528,2019-03,692.0,0
4000,FL,54000.0,0.1074,2019-03,692.0,0
5000,PA,54000.0,0.0579,2019-03,752.0,0
8000,CA,97000.0,0.1111,2019-03,692.0,0
4950,NY,12582.0,0.16399999999999998,2019-03,682.0,0
5000,FL,72000.0,0.0692,2019-03,767.0,0
9000,AZ,26928.0,0.1037,2019-03,757.0,0
9000,TX,75000.0,0.0579,2019-03,767.0,0
12000,SC,30000.0,0.0766,2019-03,757.0,0
8000,FL,65000.0,0.1491,2019-03,687.0,0
18500,AL,65667.0,0.1306,2019-03,742.0,0
5000,IL,48000.0,0.1343,2019-03,677.0,0
3000,VA,96000.0,0.0963,2019-03,697.0,0
2300,SC,12000.0,0.1899,2019-03,672.0,0
1675,AR,34800.0,0.138,2019-03,692.0,1
9600,TX,50256.0,0.1037,2019-04,727.0,0
3500,MN,24000.0,0.0766,2019-04,767.0,0
12000,NY,150000.0,0.1037,2019-03,722.0,0
7000,GA,98100.0,0.0963,2019-03,722.0,1
9000,WA,45600.0,0.1,2019-03,702.0,0
17600,MD,48000.0,0.1268,2019-03,747.0,0
4000,WV,40000.0,0.0579,2019-03,802.0,0
2000,MA,27600.0,0.0766,2019-03,757.0,0
5000,MD,90000.0,0.1,2019-03,737.0,0
6000,LA,120000.0,0.1037,2019-03,767.0,1
5000,WI,36000.0,0.1714,2019-03,682.0,0
2500,WA,43872.0,0.0729,2019-03,792.0,0
3075,NY,36000.0,0.0542,2019-03,772.0,0
4000,VA,59000.0,0.1037,2019-03,742.0,0
11000,CA,60000.0,0.1417,2019-03,697.0,0
2500,GA,48000.0,0.1602,2019-03,672.0,1
10000,PA,57000.0,0.1491,2019-03,697.0,0
8500,LA,33600.0,0.1111,2019-03,732.0,1
10000,CA,36000.0,0.1111,2019-03,697.0,0
3600,TX,30000.0,0.0692,2019-03,782.0,1
5000,NY,24000.0,0.0692,2019-03,742.0,0
4800,CT,54000.0,0.0542,2019-03,777.0,0
5375,OK,14400.0,0.0579,2019-03,737.0,0
9000,OH,48000.0,0.1037,2019-03,767.0,0
13000,UT,95000.0,0.1602,2019-03,702.0,0
6000,FL,81600.0,0.1306,2019-03,692.0,0
3200,CA,25000.0,0.16399999999999998,2019-03,667.0,0
12000,PA,87192.0,0.1899,2019-03,662.0,0
4000,TX,40000.0,0.0729,2019-03,722.0,0
4200,AL,105600.0,0.1037,2019-03,742.0,0
9500,FL,126000.0,0.0542,2019-03,787.0,0
4000,FL,57600.0,0.138,2019-03,667.0,0
12000,CA,120000.0,0.1528,2019-03,697.0,1
8000,AL,42000.0,0.0766,2019-03,792.0,0
1675,PA,39600.0,0.1111,2019-03,717.0,0
3000,TX,31500.0,0.1,2019-03,767.0,0
13000,FL,52800.0,0.1037,2019-03,752.0,0
5000,NY,65000.0,0.0692,2019-03,737.0,0
6000,NM,36000.0,0.1714,2019-03,662.0,0
6600,TX,51000.0,0.0692,2019-03,732.0,0
19200,WA,82992.0,0.1528,2019-03,752.0,1
1600,CT,52500.0,0.1417,2019-03,692.0,0
12325,CA,48000.0,0.16399999999999998,2019-03,687.0,0
6000,NY,58000.0,0.1751,2019-03,672.0,1
6500,NV,55000.0,0.1,2019-03,737.0,0
8000,CA,49000.0,0.1417,2019-03,687.0,0
4000,NY,57600.0,0.0542,2019-03,812.0,0
3000,MD,75000.0,0.1111,2019-03,667.0,0
5000,CA,28800.0,0.1111,2019-03,717.0,0
5500,VA,50000.0,0.1074,2019-03,702.0,0
2000,DE,45000.0,0.1417,2019-03,682.0,0
6000,FL,50000.0,0.1111,2019-03,692.0,0
3000,AR,49992.0,0.1074,2019-03,702.0,0
14400,AR,90000.0,0.0766,2019-03,717.0,0
8000,AL,36000.0,0.1565,2019-03,662.0,0
10000,WI,114600.0,0.1306,2019-03,682.0,0
7000,CA,77000.0,0.1037,2019-03,717.0,0
10000,OH,156000.0,0.0963,2019-03,717.0,0
10000,MA,78000.0,0.1111,2019-03,737.0,0
5000,TX,180000.0,0.0729,2019-03,807.0,0
5000,WA,49200.0,0.0729,2019-03,787.0,0
8400,SC,28800.0,0.0963,2019-03,717.0,0
7200,NJ,96000.0,0.138,2019-03,697.0,0
9000,MI,90000.0,0.1343,2019-03,712.0,0
6000,FL,78996.0,0.0729,2019-03,797.0,0
7000,FL,60000.0,0.0579,2019-03,737.0,0
3000,NY,60000.0,0.1528,2019-03,692.0,0
7400,NY,72000.0,0.0542,2019-03,792.0,0
7000,CA,102000.0,0.0692,2019-03,747.0,0
8000,CA,55000.0,0.1037,2019-03,742.0,0
8750,AZ,30000.0,0.1268,2019-03,732.0,0
5625,MA,22800.0,0.1343,2019-03,722.0,0
3000,TX,36000.0,0.1306,2019-03,702.0,0
6000,CA,94000.0,0.0963,2019-03,747.0,0
8400,PA,82500.0,0.1343,2019-03,702.0,0
4800,TX,12000.0,0.0729,2019-03,737.0,0
7000,UT,63600.0,0.0963,2019-02,737.0,0
13500,WA,42900.0,0.1074,2019-03,747.0,0
9925,IL,115600.0,0.0729,2019-03,722.0,0
4800,TX,50400.0,0.0766,2019-03,762.0,0
4000,GA,47000.0,0.0579,2019-02,737.0,0
6000,CA,93600.0,0.1111,2019-02,717.0,0
1800,CA,23766.0,0.1306,2019-03,692.0,0
5000,WV,43000.0,0.1111,2019-02,722.0,0
10400,SC,40800.0,0.1,2019-03,722.0,0
5600,VA,47472.0,0.1037,2019-02,712.0,0
2500,IL,40000.0,0.1037,2019-02,697.0,0
5000,IL,198171.96,0.0579,2019-02,737.0,0
16000,WI,78000.0,0.16399999999999998,2019-02,707.0,0
14800,FL,125000.0,0.1417,2019-03,697.0,0
7200,MA,42000.0,0.1677,2019-02,692.0,0
10800,FL,52000.0,0.1528,2019-02,697.0,0
4000,CA,63500.0,0.1037,2019-02,692.0,0
21600,NJ,88000.0,0.1751,2019-02,697.0,1
6400,GA,18000.0,0.1037,2019-02,682.0,0
5400,AZ,62400.0,0.0729,2019-02,707.0,0
9600,KY,96000.0,0.1268,2019-02,732.0,0
3500,PA,74880.0,0.1111,2019-02,687.0,0
2500,AL,31577.0,0.0692,2019-02,757.0,0
16200,FL,53000.0,0.1714,2019-02,687.0,1
6300,NV,54000.0,0.1,2019-02,697.0,0
6000,WA,98899.39,0.0766,2019-02,752.0,0
5000,PA,61200.0,0.0729,2019-02,787.0,0
2000,WY,36000.0,0.1306,2019-02,722.0,0
6600,CA,38400.0,0.1111,2019-02,727.0,1
15000,AL,54996.0,0.1,2019-03,757.0,0
8900,FL,116400.0,0.1,2019-02,727.0,0
12000,GA,32140.8,0.1,2019-02,752.0,0
15850,OH,55680.0,0.138,2019-02,747.0,0
3000,TX,38000.0,0.1306,2019-02,682.0,0
7275,FL,16000.0,0.0542,2019-02,777.0,0
14000,CA,57000.0,0.1491,2019-02,687.0,0
13000,NJ,86000.0,0.1111,2019-02,752.0,0
9000,NV,36000.0,0.0542,2019-02,787.0,0
15600,CA,46800.0,0.1602,2019-02,722.0,0
12000,CA,67200.0,0.1825,2019-02,662.0,1
4000,FL,14400.0,0.0729,2019-02,797.0,0
3200,VA,55000.0,0.0579,2019-02,787.0,0
2800,CA,59385.6,0.0766,2019-02,762.0,0
4200,FL,43596.0,0.16399999999999998,2019-02,692.0,1
6000,NJ,43920.0,0.16399999999999998,2019-02,672.0,0
3050,CA,60000.0,0.0729,2019-02,767.0,0
5400,TX,99996.0,0.1268,2019-02,712.0,1
9000,CT,91200.0,0.1268,2019-02,697.0,0
2000,GA,30000.0,0.0729,2019-02,777.0,0
7000,NY,43000.0,0.138,2019-02,707.0,0
7000,CT,99996.0,0.0729,2019-02,777.0,0
5500,CA,42000.0,0.0766,2019-02,742.0,0
2800,NV,78000.0,0.1111,2019-02,722.0,0
6000,MO,51012.0,0.0963,2019-02,777.0,0
2100,TX,72000.0,0.1306,2019-02,672.0,0
2200,IL,85000.0,0.1343,2019-02,667.0,0
24000,TX,125000.0,0.1714,2019-02,717.0,0
5050,CA,69900.0,0.0542,2019-02,772.0,0
5800,CO,144000.0,0.0729,2019-02,722.0,0
4975,NY,48000.0,0.0579,2019-02,752.0,0
3000,TX,14400.0,0.1,2019-02,702.0,0
6000,NJ,85460.0,0.0963,2019-02,792.0,0
3500,FL,56000.0,0.1037,2019-02,697.0,0
10000,NY,60000.0,0.138,2019-02,732.0,0
2900,CA,75600.0,0.1343,2019-02,692.0,1
11200,TX,59496.0,0.1306,2019-02,707.0,0
11650,MN,66000.0,0.1074,2019-02,752.0,1
3800,PA,42000.0,0.138,2019-02,742.0,1
5200,LA,61200.0,0.0542,2019-02,802.0,0
6000,NY,65000.0,0.0542,2019-02,752.0,0
2000,CA,30000.0,0.0766,2019-02,712.0,0
5200,IL,35000.0,0.1528,2019-02,742.0,0
4800,NY,36000.0,0.1111,2019-02,682.0,0
15000,NC,31920.0,0.138,2019-02,757.0,0
4200,CA,65000.0,0.0729,2019-02,717.0,0
9000,IL,110500.0,0.0579,2019-02,777.0,0
8500,NY,180000.0,0.0692,2019-02,812.0,0
4500,CA,138000.0,0.1343,2019-02,672.0,0
5000,CA,48000.0,0.1074,2019-02,727.0,0
3000,AZ,90000.0,0.0542,2019-02,797.0,0
2000,CO,42300.0,0.0692,2019-02,727.0,0
8000,CA,62000.0,0.0963,2019-02,712.0,0
8000,NJ,43300.0,0.0729,2019-02,722.0,0
5000,NC,38000.0,0.1037,2019-02,722.0,0
10000,NC,114000.0,0.1111,2019-02,692.0,0
6400,CA,42000.0,0.0579,2019-02,747.0,0
6000,WA,90000.0,0.1037,2019-02,742.0,0
2500,NV,70800.0,0.0766,2019-01,747.0,1
6500,OH,48000.0,0.0729,2019-02,732.0,0
3600,TX,70800.0,0.1,2019-01,722.0,0
4800,NJ,33600.0,0.0579,2019-01,737.0,0
5000,AZ,105000.0,0.0542,2019-01,802.0,0
6000,NV,28800.0,0.1074,2019-01,697.0,0
13800,CO,27600.0,0.1565,2019-01,767.0,0
10000,MD,107500.0,0.0766,2019-02,727.0,0
10000,CA,84000.0,0.1306,2019-02,682.0,1
6800,NY,77604.0,0.1306,2019-01,677.0,0
9000,MN,28000.0,0.1528,2019-01,682.0,0
9000,MI,86400.0,0.0766,2019-01,732.0,1
4800,CA,60000.0,0.1306,2019-01,677.0,0
2400,CA,81504.0,0.0692,2019-01,737.0,0
3000,CA,50000.0,0.1037,2019-01,702.0,0
10000,CA,90000.0,0.0579,2019-01,767.0,0
9000,PA,45000.0,0.1111,2019-01,702.0,0
5000,TX,78000.0,0.1074,2019-01,702.0,0
3000,CA,150000.0,0.0729,2019-01,712.0,0
3500,NJ,75000.0,0.0729,2019-01,767.0,0
7000,NM,66000.0,0.0963,2019-01,712.0,0
8000,GA,26400.0,0.0579,2019-01,792.0,0
7000,NJ,84000.0,0.1417,2019-01,707.0,0
22000,AZ,37200.0,0.1602,2019-01,712.0,0
5525,TX,46800.0,0.1111,2019-01,687.0,0
3500,FL,57550.0,0.0542,2019-01,757.0,0
4500,NV,45600.0,0.0766,2019-01,767.0,0
3000,VA,70000.0,0.0729,2019-01,787.0,0
7000,NY,60000.0,0.1037,2019-01,717.0,0
8000,GA,96000.0,0.1343,2019-01,702.0,1
5000,PA,100000.0,0.1037,2019-01,752.0,0
7000,FL,140820.0,0.1528,2019-01,677.0,0
6200,VA,44000.0,0.0542,2019-01,762.0,0
4050,FL,35000.0,0.0729,2019-01,787.0,0
2500,AZ,34800.0,0.1491,2019-01,677.0,0
6000,MD,70000.0,0.0729,2019-01,707.0,0
5000,WA,48000.0,0.1417,2019-01,667.0,1
4000,RI,58000.0,0.0729,2019-01,712.0,0
7000,NV,42000.0,0.1074,2019-01,722.0,0
4000,MI,26400.0,0.1074,2019-01,677.0,0
8000,NY,95000.0,0.0579,2019-01,807.0,0
4000,FL,49000.0,0.0925,2019-01,737.0,0
2000,NY,57450.0,0.1335,2019-01,667.0,0
9000,KS,38000.0,0.0999,2019-01,732.0,0
11000,PA,102000.0,0.0962,2019-01,762.0,0
9000,WA,62000.0,0.0962,2019-01,737.0,0
4000,CO,60000.0,0.0888,2019-01,772.0,0
10550,TX,70200.0,0.0999,2019-01,732.0,0
7800,CA,110000.0,0.0542,2019-01,792.0,0
4900,AR,60000.0,0.1409,2019-01,667.0,0
5000,MD,73000.0,0.1446,2019-01,687.0,0
5600,TX,60000.0,0.0925,2019-01,762.0,0
6000,MI,54000.0,0.0888,2019-01,777.0,0
3800,CT,88000.0,0.0654,2019-01,727.0,0
6000,GA,140000.0,0.1595,2019-01,722.0,0
9800,NJ,39000.0,0.0925,2019-01,767.0,1
12450,AL,96000.0,0.0962,2019-01,737.0,0
7000,AZ,52500.0,0.0579,2019-01,757.0,0
10000,IL,81000.0,0.0888,2019-01,722.0,0
6000,NH,144500.0,0.0888,2019-12,777.0,0
7750,MA,23000.0,0.1298,2019-01,677.0,0
10500,CA,86400.0,0.1372,2019-01,717.0,0
4900,TX,25200.0,0.0617,2019-12,767.0,0
3500,CA,24000.0,0.0617,2019-12,762.0,0
6000,NY,70000.0,0.0542,2019-12,797.0,0
5000,IL,130000.0,0.0999,2019-12,772.0,0
2400,WA,60000.0,0.1409,2019-12,682.0,0
10200,OH,32500.0,0.1036,2019-12,772.0,0
5750,IL,78000.0,0.0999,2019-12,732.0,0
4000,TX,75000.0,0.0579,2019-12,752.0,0
12000,MD,99750.0,0.0962,2019-12,707.0,0
6000,NY,51000.0,0.0579,2019-12,762.0,0
9000,FL,85000.0,0.1036,2019-12,717.0,1
8200,FL,27600.0,0.0925,2019-12,757.0,0
6000,OH,88000.0,0.1335,2019-12,662.0,0
4500,LA,38000.0,0.0999,2019-12,717.0,1
10000,CA,45000.0,0.1223,2019-12,682.0,0
4800,CA,20400.0,0.0654,2019-12,722.0,0
8000,CA,55000.0,0.1372,2019-12,667.0,0
2250,GA,70000.0,0.1036,2019-12,682.0,0
6000,OK,62000.0,0.0999,2019-12,732.0,0
4800,NC,51000.0,0.1036,2019-12,717.0,0
2500,MN,10800.0,0.0888,2019-12,712.0,0
7400,NY,55000.0,0.1557,2019-12,677.0,1
15500,CA,124000.0,0.1036,2019-12,722.0,0
2275,PA,32000.0,0.0617,2019-12,732.0,0
4750,MA,18000.0,0.1743,2019-12,662.0,0
4350,OR,70000.0,0.0579,2019-12,802.0,0
6300,NC,40000.0,0.0962,2019-12,782.0,0
4000,CT,15600.0,0.1632,2019-12,662.0,0
10000,KY,47000.0,0.1446,2019-12,682.0,0
1800,TX,36000.0,0.0617,2019-12,732.0,0
15000,TX,70000.0,0.1335,2019-12,762.0,1
8400,FL,49200.0,0.0999,2019-12,757.0,0
4000,SC,64200.0,0.0888,2019-12,797.0,0
4000,WI,33600.0,0.0579,2019-12,772.0,0
6000,AR,54000.0,0.0617,2019-12,742.0,0
4800,VA,50000.0,0.1036,2019-12,682.0,0
6125,OR,75000.0,0.0617,2019-12,762.0,0
6000,AL,50000.0,0.0999,2019-12,782.0,0
6000,KS,76000.0,0.1298,2019-12,672.0,0
8000,MD,31000.0,0.0542,2019-12,792.0,0
5000,IL,136000.0,0.0617,2019-12,742.0,0
5850,CA,23500.0,0.152,2019-12,667.0,0
3825,TX,90840.0,0.1298,2019-12,747.0,1
4000,AZ,40000.0,0.1036,2019-12,692.0,0
12000,CA,51600.0,0.1557,2019-12,692.0,0
9000,OH,68000.0,0.0962,2019-12,737.0,0
1900,NY,45000.0,0.0579,2019-12,752.0,0
15000,CO,33600.0,0.0999,2019-12,747.0,0
5000,IL,48000.0,0.0925,2019-12,772.0,0
3500,FL,40000.0,0.0888,2019-12,712.0,0
5000,VA,30600.0,0.1036,2019-12,737.0,0
17000,MD,118000.0,0.1036,2019-12,742.0,0
8000,NJ,75000.0,0.0888,2019-11,782.0,0
18000,FL,120000.0,0.0962,2019-12,762.0,0
9900,MA,39600.0,0.0654,2019-11,737.0,0
6250,IL,93500.0,0.1483,2019-11,712.0,0
4700,PA,30000.0,0.1595,2019-11,687.0,0
5000,TX,50000.0,0.1261,2019-11,707.0,0
4200,MN,65000.0,0.152,2019-11,702.0,1
8400,NM,58000.0,0.0925,2019-11,762.0,0
3600,MO,44000.0,0.0579,2019-11,757.0,0
6250,IL,52000.0,0.1036,2019-12,712.0,1
7500,KY,110000.0,0.0617,2019-11,767.0,0
5500,NC,30000.0,0.0888,2019-11,732.0,0
6000,FL,78000.0,0.0691,2019-11,767.0,0
5000,FL,45000.0,0.1036,2019-11,717.0,0
4200,CA,66560.0,0.0579,2019-11,762.0,0
3900,FL,16800.0,0.152,2019-11,712.0,0
10000,NV,65000.0,0.0962,2019-11,737.0,0
12500,VA,52000.0,0.0962,2019-11,797.0,0
5200,GA,48000.0,0.0542,2019-11,782.0,0
7200,CA,60000.0,0.0579,2019-11,762.0,0
6000,NV,50000.0,0.1557,2019-11,687.0,0
8000,FL,128000.0,0.0962,2019-11,742.0,0
9600,LA,80000.0,0.1036,2019-11,722.0,1
6000,NJ,12000.0,0.0888,2019-11,717.0,0
12000,NY,40300.0,0.1372,2019-11,697.0,0
3500,VA,90000.0,0.0925,2019-11,712.0,0
12000,NC,84000.0,0.0542,2019-11,802.0,0
5000,MD,25000.0,0.0691,2019-11,727.0,0
2500,MI,52000.0,0.0888,2019-11,727.0,0
8650,CA,60000.0,0.0962,2019-11,747.0,0
5000,AL,60000.0,0.0542,2019-11,772.0,0
3800,NM,48000.0,0.0999,2019-11,687.0,0
10000,TX,50000.0,0.0691,2019-11,732.0,0
20000,MA,150000.0,0.0888,2019-11,722.0,0
15000,FL,43200.0,0.0962,2019-11,742.0,1
15000,NC,71800.0,0.1966,2019-11,682.0,0
8000,CA,46000.0,0.0617,2019-11,742.0,0
11000,CA,42000.0,0.0654,2019-11,762.0,0
12975,UT,97000.0,0.0691,2019-11,737.0,0
6500,TX,60000.0,0.0691,2019-11,732.0,0
15000,CA,123000.0,0.0691,2019-11,727.0,0
5500,WA,23000.0,0.0654,2019-11,772.0,0
8900,KY,70000.0,0.0617,2019-11,762.0,0
11200,CA,52000.0,0.0654,2019-11,767.0,0
4000,VA,48000.0,0.0962,2019-11,712.0,0
12000,MI,65000.0,0.0654,2019-11,782.0,0
9600,FL,60000.0,0.0999,2019-10,707.0,0
6000,KS,63600.0,0.0579,2019-10,782.0,0
4000,FL,81000.0,0.0962,2019-10,712.0,1
15325,NJ,70000.0,0.0654,2019-10,787.0,0
3000,NY,225000.0,0.1335,2019-10,697.0,0
16500,PA,36566.4,0.0654,2019-10,762.0,1
3700,CA,25200.0,0.0962,2019-10,727.0,0
10000,AR,48000.0,0.0617,2019-10,802.0,0
5000,MN,50000.0,0.1261,2019-10,697.0,0
7500,IL,21000.0,0.0691,2019-10,727.0,0
5000,CA,87054.72,0.0888,2019-10,732.0,0
8000,OR,28800.0,0.1669,2019-10,677.0,0
3000,CT,48000.0,0.0579,2019-10,777.0,0
25000,CA,158400.0,0.1223,2019-11,737.0,0
2225,CA,24000.0,0.0579,2019-10,782.0,0
6400,SC,84996.0,0.1557,2019-10,667.0,0
7000,NY,66000.0,0.0579,2019-10,772.0,0
5100,FL,40000.0,0.1372,2019-10,662.0,0
6600,TX,79200.0,0.0617,2019-10,777.0,0
2350,CA,40080.0,0.0788,2019-10,727.0,0
9000,IL,60000.0,0.1361,2019-10,682.0,0
20000,CA,85000.0,0.1038,2019-10,762.0,0
4500,OH,47360.0,0.1558,2019-10,667.0,0
12600,MA,84000.0,0.1075,2019-10,767.0,0
7500,MA,21552.0,0.1149,2019-10,742.0,1
1925,IL,52800.0,0.0676,2019-10,782.0,0
3000,AZ,8004.0,0.0788,2019-10,722.0,0
4550,CA,22800.0,0.1719,2019-10,667.0,0
5700,OR,99600.0,0.1038,2019-10,747.0,0
4600,PA,78000.0,0.0788,2019-10,747.0,0
4000,CA,26400.0,0.1595,2019-10,687.0,1
6200,GA,64000.0,0.1595,2019-10,677.0,0
6000,IL,120000.0,0.0676,2019-10,792.0,0
4800,UT,40000.0,0.0788,2019-10,752.0,0
4800,FL,33600.0,0.1521,2019-10,682.0,0
5000,CA,27000.0,0.0788,2019-10,742.0,0
11000,NY,28560.0,0.1149,2019-10,752.0,1
7000,WI,74760.0,0.1112,2019-10,727.0,0
6000,MO,57600.0,0.1075,2019-10,742.0,0
3600,VA,31200.0,0.1645,2019-10,682.0,0
7500,OH,57600.0,0.1112,2019-10,727.0,0
10000,NH,84000.0,0.1075,2019-10,817.0,0
1800,MA,29040.0,0.1323,2019-10,692.0,1
6300,NY,57600.0,0.1149,2019-10,717.0,0
4000,OK,43000.0,0.0788,2019-10,717.0,0
6000,NM,38400.0,0.0751,2019-10,762.0,0
14000,FL,38760.0,0.1632,2019-10,712.0,0
9000,CA,69600.0,0.1521,2019-10,737.0,0
6500,CA,44400.0,0.1484,2019-10,672.0,0
2900,AL,65000.0,0.1186,2019-10,702.0,0
5000,FL,28800.0,0.1361,2019-10,697.0,0
12000,NY,100000.0,0.1186,2019-10,712.0,0
6000,PA,49000.0,0.1038,2019-10,762.0,0
10000,CA,122400.0,0.0788,2019-10,737.0,0
2550,CA,93600.0,0.1361,2019-09,687.0,0
4500,WA,32000.0,0.0788,2019-09,792.0,0
11000,AZ,51000.0,0.1149,2019-09,727.0,0
3500,TX,65000.0,0.0676,2019-10,797.0,0
1675,FL,28800.0,0.1521,2019-09,667.0,0
8000,PA,108396.0,0.0788,2019-09,797.0,0
6000,IL,35000.0,0.1632,2019-09,687.0,0
4000,CA,13212.0,0.1075,2019-09,772.0,0
2800,NJ,13000.0,0.1521,2019-09,687.0,0
4500,SC,110000.0,0.1484,2019-09,662.0,0
9000,KY,62000.0,0.1038,2019-09,797.0,0
9000,NJ,140000.0,0.0714,2019-09,757.0,0
5300,PA,92304.0,0.1112,2019-09,732.0,0
6000,MO,104400.0,0.0788,2019-09,792.0,0
6000,GA,12000.0,0.0788,2019-09,772.0,1
4500,CO,32000.0,0.0751,2019-09,727.0,0
5100,NM,60000.0,0.1075,2019-09,707.0,0
4900,OH,63600.0,0.0788,2019-09,762.0,0
10000,FL,90000.0,0.1645,2019-09,677.0,0
4150,FL,30000.0,0.0676,2019-09,762.0,0
7200,CT,21600.0,0.1038,2019-09,722.0,0
5000,NJ,38500.0,0.0714,2019-09,762.0,0
7000,TX,33000.0,0.1645,2019-09,687.0,0
4000,MD,51000.0,0.1112,2019-09,702.0,0
3800,GA,36000.0,0.0788,2019-09,762.0,0
3600,FL,22800.0,0.1398,2019-09,712.0,0
7500,TX,80000.0,0.1149,2019-09,702.0,0
3000,FL,27600.0,0.1112,2019-09,732.0,1
3600,MA,28000.0,0.1521,2019-09,707.0,0
6000,VA,40000.0,0.0751,2019-09,737.0,0
4800,MD,23448.0,0.1186,2019-09,767.0,0
2400,WV,27600.0,0.1323,2019-09,737.0,0
4000,CA,48000.0,0.1435,2019-09,677.0,0
4650,CO,35100.0,0.0788,2019-09,712.0,0
25000,PA,90000.0,0.1149,2019-09,797.0,0
5500,WV,97200.0,0.0751,2019-09,752.0,0
2400,MI,12000.0,0.1719,2019-09,662.0,0
3000,NY,110000.0,0.0788,2019-09,722.0,0
9175,CA,76440.0,0.1075,2019-09,737.0,0
15000,DC,106000.0,0.1075,2019-09,732.0,0
8500,TX,57000.0,0.1112,2019-09,732.0,0
3500,VA,109500.0,0.1075,2019-09,712.0,0
17000,NJ,125000.0,0.0788,2019-09,752.0,0
6000,OR,60000.0,0.1149,2019-09,752.0,0
12000,CA,50000.0,0.0751,2019-09,762.0,0
4000,CA,48000.0,0.1112,2019-09,732.0,0
8500,CA,60000.0,0.183,2019-09,662.0,1
7575,UT,63996.0,0.1075,2019-09,757.0,0
4200,CA,117000.0,0.0788,2019-09,762.0,0
2600,TX,24972.0,0.1186,2019-09,677.0,0
4625,CA,26000.0,0.1112,2019-09,757.0,1
4000,NY,50000.0,0.1595,2019-08,712.0,0
2400,PA,78000.0,0.1472,2019-08,662.0,0
6700,CA,49920.0,0.1645,2019-08,667.0,0
7200,WY,22000.0,0.0714,2019-08,772.0,0
19000,IL,94020.0,0.1112,2019-08,752.0,1
1600,IL,28150.0,0.0639,2019-08,772.0,0
4800,FL,25200.0,0.1682,2019-08,662.0,0
2000,IL,71328.0,0.0751,2019-08,792.0,0
4600,NY,60000.0,0.0788,2019-08,712.0,0
20000,IL,150000.0,0.1112,2019-08,792.0,0
5900,CA,30000.0,0.0788,2019-08,737.0,0
5000,SC,30000.0,0.0751,2019-08,807.0,0
5000,CA,36000.0,0.1521,2019-08,662.0,1
9250,NY,28800.0,0.1435,2019-08,677.0,0
1800,MI,50000.0,0.1149,2019-08,702.0,0
3500,TX,12000.0,0.1323,2019-08,747.0,0
8000,NJ,18000.0,0.1558,2019-08,717.0,0
5000,NY,87000.0,0.1186,2019-08,757.0,0
4000,CO,72000.0,0.1595,2019-08,672.0,0
4000,MD,108000.0,0.0751,2019-08,782.0,0
8100,CA,96000.0,0.1112,2019-08,732.0,0
4600,CA,120000.0,0.0639,2019-08,797.0,0
5000,SC,45000.0,0.1682,2019-08,662.0,1
10000,WA,36320.0,0.1398,2019-08,722.0,0
5000,MA,96000.0,0.0788,2019-08,792.0,0
4000,TX,88000.0,0.0714,2019-08,812.0,0
5600,VA,120000.0,0.1075,2019-08,712.0,0
3600,GA,44016.0,0.1112,2019-08,777.0,0
11200,NY,46992.0,0.1112,2019-08,742.0,0
2650,SC,86000.0,0.1323,2019-08,682.0,0
8400,CT,57600.0,0.0788,2019-08,772.0,0
4200,NY,48000.0,0.1361,2019-08,702.0,0
6075,NY,36000.0,0.1323,2019-08,717.0,0
3000,TX,67500.0,0.0788,2019-08,722.0,0
8500,CA,72000.0,0.1038,2019-08,797.0,0
6000,NJ,57600.0,0.1038,2019-08,762.0,0
5000,CA,78000.0,0.1186,2019-08,692.0,1
6250,NM,43596.0,0.1038,2019-08,767.0,1
8000,TX,49000.0,0.1398,2019-08,697.0,0
4000,RI,125000.0,0.1075,2019-08,802.0,0
10000,TX,78000.0,0.1038,2019-08,787.0,0
5600,MA,36500.0,0.1323,2019-08,712.0,0
3000,AL,39600.0,0.1398,2019-08,682.0,0
7500,NH,57000.0,0.1867,2019-08,662.0,1
7000,VA,78000.0,0.1361,2019-08,712.0,0
6500,OH,118200.0,0.0788,2019-08,812.0,0
4000,OH,24166.0,0.0788,2019-08,797.0,0
7000,MA,27000.0,0.1521,2019-08,707.0,0
5600,CA,84000.0,0.1398,2019-08,702.0,0
7500,CO,74880.0,0.1186,2019-08,722.0,0
8500,IL,72000.0,0.1038,2019-08,802.0,0
5000,NV,99600.0,0.1186,2019-08,687.0,0
4000,NJ,107000.0,0.1398,2019-08,697.0,0
7000,PA,61200.0,0.1398,2019-07,697.0,0
8500,WA,66000.0,0.0751,2019-07,747.0,0
2100,PA,48000.0,0.1361,2019-07,687.0,1
1700,NJ,90000.0,0.1075,2019-07,742.0,0
4500,VA,96000.0,0.0676,2019-07,757.0,0
7000,TX,99996.0,0.1521,2019-07,687.0,0
17000,MD,102000.0,0.1112,2019-08,752.0,0
11000,MA,84787.0,0.1075,2019-07,752.0,0
6000,CA,36000.0,0.1472,2019-07,682.0,0
9000,MI,168000.0,0.0788,2019-07,792.0,0
5400,TX,29120.0,0.0714,2019-07,807.0,0
10000,TX,74400.0,0.1595,2019-07,667.0,0
4400,MO,70000.0,0.0676,2019-07,752.0,0
3200,TX,34188.0,0.0714,2019-07,802.0,0
4600,AZ,44400.0,0.1038,2019-08,777.0,0
6000,NY,74256.0,0.1361,2019-07,697.0,0
6600,MI,55800.0,0.0788,2019-07,792.0,0
5000,MN,48000.0,0.1756,2019-07,682.0,0
12000,FL,68196.0,0.1323,2019-08,732.0,0
12000,TX,78000.0,0.1558,2019-07,677.0,0
4000,MI,27600.0,0.1186,2019-07,692.0,0
9000,AL,33600.0,0.1323,2019-07,707.0,0
4000,CA,60000.0,0.1398,2019-07,672.0,0
4500,TX,52800.0,0.0676,2019-07,757.0,0
8800,GA,92400.0,0.1361,2019-07,702.0,0
4000,AZ,63600.0,0.0676,2019-07,757.0,0
6000,CT,24000.0,0.1867,2019-07,672.0,1
4000,WA,19632.0,0.1645,2019-07,682.0,0
4000,NJ,52000.0,0.1632,2019-07,672.0,0
3500,NJ,108000.0,0.0676,2019-07,752.0,0
4000,CA,15708.0,0.1112,2019-07,782.0,0
6500,NY,40000.0,0.1038,2019-07,772.0,0
12000,PA,45000.0,0.0788,2019-07,742.0,0
4000,FL,57431.0,0.0676,2019-07,762.0,0
3500,CT,68000.0,0.0639,2019-07,777.0,0
4000,GA,51500.0,0.0751,2019-07,722.0,0
6500,CA,54000.0,0.1398,2019-07,702.0,0
7000,MA,57000.0,0.0714,2019-06,787.0,0
4800,AZ,46140.0,0.1472,2019-06,682.0,0
5000,PA,61543.2,0.1645,2019-06,672.0,0
6000,GA,48000.0,0.1361,2019-06,717.0,0
4800,AZ,42000.0,0.1435,2019-06,667.0,0
4500,FL,145000.0,0.1632,2019-06,667.0,0
6000,MA,33600.0,0.1645,2019-06,677.0,0
4800,NJ,52000.0,0.0639,2019-06,792.0,0
7200,MA,21600.0,0.1558,2019-06,682.0,0
24000,GA,80000.0,0.1323,2019-06,727.0,0
1500,MA,40000.0,0.1756,2019-06,667.0,0
5600,MD,20000.0,0.1075,2019-06,707.0,0
2100,MA,50000.0,0.1361,2019-06,697.0,0
6000,CA,67000.0,0.1323,2019-06,702.0,0
8900,SC,60000.0,0.1038,2019-06,782.0,0
2000,AZ,22800.0,0.1398,2019-06,687.0,1
5000,GA,80000.0,0.1323,2019-06,712.0,0
4000,MI,28800.0,0.1186,2019-06,712.0,0
2000,MN,37315.0,0.0639,2019-06,772.0,0
6000,OR,65000.0,0.0714,2019-06,757.0,0
6000,NJ,52000.0,0.0714,2019-06,812.0,0
7250,MI,26400.0,0.1323,2019-06,732.0,0
8400,CA,31200.0,0.1323,2019-06,702.0,0
10000,CA,103000.0,0.1149,2019-06,722.0,1
9000,PA,40000.0,0.1186,2019-06,757.0,0
3200,VA,20800.0,0.1484,2019-06,667.0,0
2000,CA,4800.0,0.1062,2019-05,757.0,0
9000,CA,31200.0,0.0714,2019-05,772.0,0
4750,GA,18000.0,0.0788,2019-05,717.0,1
5000,CA,63945.0,0.0788,2019-05,732.0,0
16000,NY,50400.0,0.0788,2019-05,762.0,0
20000,GA,234996.0,0.0788,2019-05,792.0,0
7000,CT,30000.0,0.1062,2019-05,752.0,0
5000,TX,104860.0,0.0788,2019-05,802.0,0
12000,GA,56902.0,0.0714,2019-05,787.0,0
8000,TX,70500.0,0.0714,2019-05,752.0,0
5000,WA,30000.0,0.0751,2019-05,767.0,0
8000,FL,76000.0,0.0788,2019-05,732.0,0
8000,IL,70000.0,0.1311,2019-05,682.0,0
8000,HI,38918.4,0.1459,2019-05,692.0,0
6000,CA,80000.0,0.1273,2019-05,682.0,0
1500,WI,45000.0,0.0714,2019-05,747.0,0
5000,OH,49800.0,0.1099,2019-05,697.0,1
3000,WA,42000.0,0.1533,2019-05,667.0,0
4000,PA,85000.0,0.0676,2019-05,782.0,0
2100,PA,73400.0,0.0676,2019-04,812.0,0
5500,IL,57000.0,0.1099,2019-05,692.0,0
3500,CA,46344.0,0.1136,2019-04,692.0,0
7000,MN,37000.0,0.0751,2019-04,737.0,0
8200,PA,55000.0,0.1311,2019-04,682.0,0
11000,MD,100000.0,0.0751,2019-04,762.0,0
7000,MO,53000.0,0.0988,2019-04,727.0,0
15000,WY,58000.0,0.1025,2019-04,802.0,0
6300,GA,45996.0,0.0751,2019-04,787.0,0
12000,NJ,75000.0,0.1099,2019-04,752.0,0
8000,AZ,85000.0,0.0714,2019-04,802.0,0
7500,VA,45000.0,0.1062,2019-04,712.0,0
9500,TX,50000.0,0.0988,2019-04,722.0,0
4000,CT,52000.0,0.1062,2019-03,702.0,0
4800,FL,120000.0,0.1422,2019-03,667.0,0
3300,NM,45000.0,0.1099,2019-03,707.0,0
14000,VA,95000.0,0.1062,2019-03,727.0,0
6400,WI,53000.0,0.1311,2019-03,692.0,0
5550,MA,31000.0,0.1136,2019-03,707.0,1
6000,MO,50000.0,0.1422,2019-03,692.0,0
11200,PA,131000.0,0.1025,2019-03,717.0,0
6400,CA,58000.0,0.0751,2019-03,747.0,0
3000,TX,9081.0,0.1025,2019-03,772.0,0
10000,GA,36000.0,0.0714,2019-03,802.0,0
3900,IL,52000.0,0.0751,2019-03,737.0,0
2500,PA,14400.0,0.183,2019-03,682.0,0
11000,NJ,69000.0,0.0788,2019-03,772.0,0
6000,FL,34000.0,0.157,2019-03,667.0,1
5000,CT,31000.0,0.1062,2019-03,742.0,0
18000,LA,70200.0,0.1645,2019-03,672.0,0
5200,IL,30000.0,0.1719,2019-02,662.0,0
5800,NY,75000.0,0.1459,2019-02,707.0,0
9000,TX,41000.0,0.0988,2019-02,732.0,0
7200,WI,38896.0,0.1348,2019-02,677.0,0
7500,NV,48659.0,0.1099,2019-02,722.0,0
10000,CT,52000.0,0.0788,2019-02,762.0,0
10800,PA,52300.0,0.0788,2019-02,742.0,0
6000,CA,60495.0,0.0714,2019-02,762.0,0
6000,GA,75181.0,0.0751,2019-02,742.0,0
3525,FL,36000.0,0.1459,2019-02,662.0,0
3350,SC,53000.0,0.0676,2019-02,757.0,0
7500,CA,90000.0,0.1496,2019-02,667.0,0
9600,NY,58000.0,0.0751,2019-02,777.0,0
2550,HI,66000.0,0.1136,2019-01,682.0,0
7500,CA,48000.0,0.1704,2019-01,687.0,0
3600,OR,31200.0,0.1148,2019-01,717.0,0
5000,GA,30000.0,0.1148,2019-01,747.0,1
6000,NY,84000.0,0.0894,2019-01,762.0,0
6250,MA,24000.0,0.1253,2019-01,697.0,0
5000,MD,70000.0,0.0774,2019-01,767.0,0
8000,VA,75000.0,0.0705,2019-01,807.0,0
7500,CO,74400.0,0.0705,2019-01,772.0,0
8000,NY,70000.0,0.0705,2019-01,782.0,0
7500,AL,34000.0,0.0894,2019-01,757.0,0
20400,GA,75000.0,0.0774,2019-01,707.0,0
11500,AR,74500.0,0.0705,2019-01,722.0,0
4500,PA,12000.0,0.1114,2019-01,772.0,0
19000,GA,54000.0,0.0705,2019-01,752.0,1
16000,MN,200000.0,0.0705,2019-01,737.0,0
8000,CA,73000.0,0.07400000000000001,2019-01,697.0,0
4800,CA,43800.0,0.0705,2019-01,772.0,1
7500,FL,12720.0,0.0705,2019-12,732.0,1
8700,TX,54000.0,0.0705,2019-12,787.0,0
9000,CA,130000.0,0.0705,2019-12,792.0,0
7500,TX,48000.0,0.0705,2019-01,712.0,0
23500,CO,124000.0,0.1496,2019-12,707.0,0
22600,NY,130000.0,0.1496,2019-12,707.0,0
16000,TX,109000.0,0.0705,2019-12,727.0,0
23600,NY,120000.0,0.1496,2019-12,707.0,0
16000,WA,72000.0,0.07400000000000001,2019-01,702.0,0
16000,FL,241875.0,0.0705,2019-12,802.0,0
24000,CA,140000.0,0.1218,2019-12,757.0,0
8400,AZ,28000.0,0.1148,2019-12,732.0,0
12000,CA,89000.0,0.0894,2019-12,787.0,0
5600,CA,12000.0,0.1218,2019-12,727.0,0
4500,NY,60000.0,0.07400000000000001,2019-12,782.0,0
4500,PA,24300.0,0.1183,2019-12,792.0,0
9000,VA,48000.0,0.0894,2019-12,737.0,0
2000,AZ,60000.0,0.07400000000000001,2019-12,757.0,0
20400,VA,57000.0,0.1774,2019-12,667.0,1
10000,FL,100000.0,0.1426,2019-12,677.0,0
1200,UT,15600.0,0.1253,2019-11,707.0,0
5000,GA,50000.0,0.07400000000000001,2019-11,792.0,0
3500,CA,62000.0,0.1357,2019-11,687.0,0
10000,TX,55000.0,0.1253,2019-11,792.0,0
7500,PA,57000.0,0.1253,2019-11,697.0,0
22000,NV,89650.0,0.1148,2019-11,802.0,1
7000,AR,26000.0,0.0774,2019-11,772.0,0
5600,CA,30000.0,0.0774,2019-11,762.0,0
10000,CA,36000.0,0.1148,2019-11,777.0,0
3500,AZ,29000.0,0.1253,2019-11,692.0,0
1000,WV,7000.0,0.1426,2019-11,677.0,0
4800,GA,13440.0,0.1253,2019-10,717.0,0
5000,OH,75000.0,0.0774,2019-10,792.0,0
10000,PA,25000.0,0.0859,2019-10,757.0,0
14400,NY,61000.0,0.1253,2019-10,742.0,0
4400,CT,85000.0,0.07400000000000001,2019-10,782.0,0
10000,WA,60000.0,0.1218,2019-10,712.0,0
12000,MA,62851.0,0.1218,2019-10,712.0,0
2000,CA,28880.0,0.0859,2019-10,732.0,0
15000,NY,102000.0,0.0894,2019-10,772.0,0
4000,PA,52700.0,0.07400000000000001,2019-10,782.0,0
7000,MI,45000.0,0.0894,2019-10,722.0,1
6000,TX,73500.0,0.1496,2019-10,662.0,0
2800,MN,15000.0,0.1531,2019-09,667.0,0
17000,VA,75000.0,0.1253,2019-10,727.0,0
6000,MO,75000.0,0.0774,2019-10,752.0,0
9500,MA,150000.0,0.1287,2019-10,697.0,0
5950,MD,45000.0,0.0774,2019-09,792.0,0
8400,FL,38268.0,0.1218,2019-09,707.0,0
7000,OH,79000.0,0.0774,2019-09,782.0,0
14900,CA,55000.0,0.1183,2019-09,742.0,0
8000,TX,102996.0,0.0774,2019-09,802.0,0
9000,MD,57996.0,0.1183,2019-09,717.0,0
4800,FL,20000.0,0.1114,2019-09,737.0,0
2000,FL,20004.0,0.0859,2019-09,747.0,1
1800,FL,75000.0,0.0894,2019-09,722.0,0
9600,IL,85000.0,0.0894,2019-09,742.0,1
4000,MI,60000.0,0.1114,2019-08,722.0,1
9800,MD,75000.0,0.0894,2019-09,762.0,0
5000,MI,39500.0,0.1322,2019-08,682.0,0
6775,FL,116004.0,0.0859,2019-08,807.0,0
4000,CA,65000.0,0.0894,2019-08,742.0,1
4200,TX,19000.0,0.1392,2019-08,682.0,0
5500,VA,42312.0,0.0859,2019-08,782.0,0
6125,CA,75400.0,0.0774,2019-08,757.0,0
2800,GA,8000.0,0.07400000000000001,2019-08,752.0,0
4500,IL,100000.0,0.0894,2019-08,752.0,0
3000,CA,64200.0,0.0774,2019-08,762.0,0
7000,NJ,90000.0,0.0859,2019-08,737.0,0
5750,MI,42000.0,0.1357,2019-08,677.0,0
8600,CT,36500.0,0.1496,2019-08,682.0,0
7500,NY,48000.0,0.1253,2019-08,692.0,0
3000,WV,65200.0,0.1126,2019-07,702.0,0
10000,MO,76000.0,0.1537,2019-08,667.0,0
4200,PA,27852.0,0.1284,2019-07,682.0,1
3600,PA,15000.0,0.1347,2019-07,682.0,0
9600,VA,35400.0,0.1189,2019-07,707.0,0
10000,VA,45000.0,0.1221,2019-07,707.0,0
4000,NJ,31193.0,0.1474,2019-07,692.0,0
4000,GA,47004.0,0.1253,2019-07,732.0,0
7500,MI,65000.0,0.1095,2019-07,742.0,0
6000,TX,75000.0,0.0768,2019-07,782.0,0
3000,GA,50000.0,0.0932,2019-07,732.0,0
4800,VA,30000.0,0.1347,2019-07,672.0,0
5000,KS,52700.0,0.0963,2019-06,727.0,0
20000,CA,300000.0,0.1158,2019-06,762.0,0
3200,OH,16000.0,0.0932,2019-06,737.0,0
8400,TX,30000.0,0.1189,2019-07,717.0,0
3200,OR,36500.0,0.0963,2019-06,732.0,0
4000,CA,48996.0,0.0932,2019-06,802.0,0
7000,MD,37000.0,0.1095,2019-06,717.0,0
8400,DC,160000.0,0.1189,2019-06,702.0,0
3500,NY,18720.0,0.1316,2019-06,672.0,0
3000,CA,54996.0,0.1221,2019-05,697.0,0
4000,DC,98000.0,0.0932,2019-05,737.0,0
12000,GA,36000.0,0.0963,2019-06,752.0,1
7000,CA,36500.0,0.1316,2019-06,702.0,0
18000,DC,45150.0,0.1316,2019-06,692.0,0
3000,NY,45000.0,0.0963,2019-05,742.0,0
5600,IL,30000.0,0.1284,2019-06,687.0,1
6400,NY,110000.0,0.0932,2019-06,802.0,0
6000,NJ,40000.0,0.08,2019-05,752.0,0
2400,AZ,4800.0,0.16,2019-05,702.0,0
8000,FL,70004.0,0.0963,2019-05,737.0,0
12250,CA,27996.0,0.1126,2019-05,682.0,0
8500,GA,28500.0,0.0768,2019-05,712.0,0
3200,IL,15000.0,0.1221,2019-05,692.0,1
1000,UT,58000.0,0.1126,2019-05,707.0,0
9000,FL,81804.0,0.08,2019-05,777.0,0
5800,WA,42000.0,0.0932,2019-05,712.0,0
8000,OH,37050.0,0.08,2019-04,712.0,0
2000,NJ,15000.0,0.1284,2019-04,707.0,0
14000,MD,75000.0,0.0963,2019-05,812.0,0
8000,MA,99996.0,0.08,2019-05,712.0,0
10500,KS,60000.0,0.1568,2019-05,677.0,0
6000,NJ,200004.0,0.0768,2019-04,712.0,0
7000,NY,70000.0,0.1379,2019-05,682.0,0
3600,LA,42000.0,0.0737,2019-04,772.0,0
15000,CA,48000.0,0.0963,2019-04,712.0,0
4000,CA,36300.0,0.0768,2019-04,742.0,0
16000,CA,300000.0,0.1158,2019-04,697.0,0
9000,NH,98736.0,0.1189,2019-05,677.0,1
5000,MO,58106.0,0.1284,2019-04,767.0,1
9575,CA,56996.0,0.0963,2019-04,717.0,0
17500,CT,117500.0,0.0737,2019-04,762.0,0
4000,MS,22000.0,0.1505,2019-04,667.0,0
10000,NJ,37800.0,0.1253,2019-04,672.0,1
8000,VA,135000.0,0.0932,2019-04,752.0,0
4750,MI,45204.0,0.1221,2019-04,747.0,0
10000,MD,60000.0,0.08,2019-04,792.0,0
5500,NY,43004.0,0.1505,2019-04,667.0,0
9500,WI,72000.0,0.1126,2019-04,747.0,0
9000,MO,40000.0,0.1316,2019-04,727.0,0
1500,WA,75764.0,0.1442,2019-04,677.0,0
20000,CA,51500.0,0.1221,2019-04,782.0,0
12000,OH,69996.0,0.0768,2019-04,722.0,1
8000,MI,65004.0,0.0737,2019-04,727.0,1
16500,MD,63504.0,0.0932,2019-04,732.0,1
10000,FL,24000.0,0.0768,2019-04,737.0,0
15000,OR,70500.0,0.08,2019-04,727.0,0
12000,FL,50004.0,0.0737,2019-03,742.0,0
12000,CA,36000.0,0.1221,2019-03,677.0,0
10400,TX,48000.0,0.0737,2019-03,727.0,0
6000,CA,23198.0,0.08,2019-03,757.0,0
2400,MA,25000.0,0.1442,2019-03,677.0,0
16800,MA,78000.0,0.0737,2019-03,772.0,0
8500,TX,28800.0,0.0737,2019-03,732.0,0
9100,AL,81204.0,0.1095,2019-03,692.0,0
8000,NJ,39996.0,0.1095,2019-03,692.0,1
4500,LA,33000.0,0.1505,2019-03,662.0,0
9000,PA,40000.0,0.1253,2019-03,732.0,0
8400,CA,189996.0,0.0932,2019-03,777.0,0
10000,TX,54996.0,0.1347,2019-03,692.0,0
7000,FL,92000.0,0.1347,2019-03,692.0,0
1800,CO,29280.0,0.0737,2019-02,772.0,0
5000,VA,144000.0,0.1632,2019-02,667.0,0
5500,MO,30000.0,0.08,2019-02,802.0,0
5000,CA,47998.0,0.16,2019-02,672.0,0
8000,FL,75000.0,0.1537,2019-02,667.0,0
5000,NJ,105000.0,0.0768,2019-01,777.0,0
5000,TX,40308.0,0.0768,2019-01,802.0,0
15000,CA,75333.0,0.1158,2019-01,742.0,0
3700,MS,27996.0,0.08,2019-01,772.0,0
8400,OH,36100.0,0.1126,2019-01,772.0,0
6500,CA,39996.0,0.0963,2019-01,727.0,0
2500,CA,120000.0,0.1158,2019-01,712.0,0
10000,HI,60000.0,0.0932,2019-01,797.0,0
3000,NJ,30500.0,0.0963,2019-01,722.0,0
14000,CA,84240.0,0.1189,2019-01,717.0,0
3000,OH,60000.0,0.1316,2019-12,672.0,0
4000,CA,55000.0,0.0932,2019-12,737.0,0
2500,GA,42108.0,0.08,2019-12,747.0,0
6000,VA,130000.0,0.1304,2019-12,672.0,0
4000,FL,15000.0,0.1367,2019-11,662.0,1
4800,NY,75000.0,0.08,2019-11,767.0,0
5000,CA,90000.0,0.08,2019-11,762.0,0
5375,PA,92904.0,0.1051,2019-11,762.0,0
4000,GA,58500.0,0.08,2019-11,817.0,0
10000,CA,40000.0,0.08,2019-11,777.0,0
6000,CA,48000.0,0.1241,2019-10,707.0,1
6500,PA,63000.0,0.1304,2019-10,667.0,1
5000,CA,21000.0,0.0863,2019-10,742.0,0
3000,GA,22000.0,0.1033,2019-09,697.0,0
1800,PA,31000.0,0.0832,2019-08,742.0,0
3000,PA,26796.0,0.0832,2019-08,722.0,0
6500,PA,31000.0,0.0832,2019-08,742.0,0
6000,NY,48000.0,0.1222,2019-07,677.0,0
4000,UT,32004.0,0.0832,2019-07,762.0,0
2500,MA,65004.0,0.1008,2019-06,697.0,0
5000,TX,42000.0,0.1229,2019-06,682.0,1
5000,VA,60000.0,0.1008,2019-06,707.0,0
6000,MD,32000.0,0.1292,2019-06,662.0,0
7000,VA,44500.0,0.08,2019-05,767.0,0
3000,MI,33000.0,0.1166,2019-05,672.0,0
9600,GA,78000.0,0.1197,2019-04,682.0,0
18000,NJ,99000.0,0.0976,2019-03,742.0,0
3000,TX,37440.0,0.1134,2019-03,677.0,1
3500,TN,54263.0,0.1166,2019-03,672.0,0
10000,CT,60000.0,0.0863,2019-03,732.0,0
8000,TX,40000.0,0.0976,2019-02,742.0,0
3000,VA,41000.0,0.1103,2019-02,682.0,0
4500,WA,10000.0,0.0863,2019-02,727.0,0
6000,CO,50000.0,0.1046,2019-02,687.0,0
6000,NJ,200000.0,0.0976,2019-02,707.0,0
5000,MN,72000.0,0.1393,2019-01,662.0,0
5500,WA,37000.0,0.092,2019-01,727.0,0
8000,MD,72000.0,0.1109,2019-01,687.0,1
2225,FL,120000.0,0.0743,2019-01,762.0,1
3500,MA,28800.0,0.0712,2019-01,777.0,0
11000,CA,62000.0,0.0807,2019-01,792.0,0
10000,WI,173000.0,0.0807,2019-09,787.0,0
4000,VA,18000.0,0.1091,2019-08,707.0,0
5000,WI,40000.0,0.0743,2019-07,772.0,0
3500,MI,66500.0,0.1557,2019-12,697.0,0
3000,PA,80000.0,0.1669,2019-12,707.0,0
3000,FL,230000.0,0.1261,2019-12,692.0,0
3000,IL,59000.0,0.1632,2019-12,662.0,0
3000,NM,85000.0,0.1595,2019-10,697.0,0
3000,CO,57408.0,0.1186,2019-10,692.0,0
8000,VA,51600.0,0.1632,2019-09,662.0,0
4975,MI,21600.0,0.1719,2019-09,687.0,0
5000,CA,80000.0,0.1756,2019-09,667.0,0
4750,OH,24000.0,0.1632,2019-08,712.0,0
14000,AR,343368.0,0.1398,2019-08,717.0,0
6500,NY,40000.0,0.1472,2019-08,697.0,0
9000,CO,52000.0,0.1867,2019-07,667.0,0
5000,MI,81000.0,0.1398,2019-07,717.0,0
6000,CA,90000.0,0.0788,2019-07,737.0,0
7800,NJ,80000.0,0.183,2019-06,672.0,0
3200,TX,43200.0,0.2016,2019-06,712.0,0
6000,OR,65000.0,0.1357,2019-12,692.0,0
2000,NM,52416.0,0.1287,2019-11,687.0,0
1200,AZ,23772.0,0.1322,2019-09,682.0,0
3500,CO,69996.0,0.1531,2019-09,682.0,0
3800,MA,27000.0,0.1496,2019-08,702.0,0
3000,OH,12000.0,0.1442,2019-07,702.0,0
5500,NM,21000.0,0.1316,2019-07,677.0,0
7200,NY,31000.0,0.1221,2019-06,722.0,0
2000,PA,15000.0,0.1537,2019-06,672.0,0
5200,MA,70000.0,0.1253,2019-05,692.0,0
13000,MI,45996.0,0.0768,2019-05,712.0,0
9000,NY,45000.0,0.0737,2019-04,737.0,0
12000,CA,75000.0,0.0768,2019-04,727.0,0
8400,MD,140000.0,0.0768,2019-04,712.0,0
10800,GA,104000.0,0.08,2019-04,792.0,0
10000,OH,69010.0,0.1537,2019-04,687.0,0
19000,NV,41604.0,0.1632,2019-04,692.0,0
2500,HI,5843.0,0.16,2019-04,672.0,0
2500,FL,28500.0,0.1411,2019-03,732.0,0
10000,NJ,68496.0,0.1379,2019-03,707.0,0
24000,CA,200004.0,0.1221,2019-03,722.0,0
6000,DE,90000.0,0.1568,2019-03,667.0,0
5000,WV,24200.0,0.1726,2019-02,697.0,0
5000,PA,57500.0,0.1537,2019-02,677.0,0
8000,TX,84000.0,0.1209,2019-10,702.0,0
4800,FL,35000.0,0.1507,2019-07,642.0,0
7000,NY,64008.0,0.1159,2019-07,687.0,0
4000,PA,28500.0,0.1387,2019-07,647.0,0
4500,TN,26004.0,0.08,2019-07,767.0,0
5400,TX,48000.0,0.1482,2019-07,652.0,0
3500,NY,78000.0,0.1387,2019-06,647.0,0
7500,CA,120000.0,0.0945,2019-06,752.0,0
3100,GA,45000.0,0.1324,2019-04,657.0,0
5600,NC,130000.0,0.0945,2019-03,722.0,0
5000,AR,28000.0,0.1324,2019-03,667.0,0
7000,CA,102000.0,0.1513,2019-02,642.0,0
2000,NJ,18720.0,0.1204,2019-01,662.0,0
3000,MA,14400.0,0.0743,2019-12,757.0,0
12375,VA,80000.0,0.1091,2019-12,687.0,0
14000,AZ,76000.0,0.1533,2019-11,652.0,0
7000,FL,44241.6,0.1407,2019-11,652.0,0
4000,CO,14400.0,0.1122,2019-10,672.0,0
4200,NY,10000.0,0.1312,2019-10,652.0,0
4000,NY,50000.0,0.0933,2019-09,702.0,0
8000,CT,25000.0,0.0996,2019-08,702.0,0
10500,MD,62000.0,0.1533,2019-08,642.0,0
5350,NJ,4000.0,0.1312,2019-07,662.0,0
